5260.85336 13.466 0.005
5260.90029 13.474 0.005
5261.79151 13.496 0.005
5262.82995 13.540 0.005
5264.81438 13.611 0.005
5264.86761 13.618 0.005
5264.88488 13.622 0.005
5265.79053 13.659 0.005
5266.77867 13.707 0.005
5267.82049 13.761 0.005
5268.79175 13.818 0.005
5269.78659 13.881 0.005
5270.83098 13.971 0.005
5271.78605 14.027 0.005
5272.79290 14.087 0.005
5273.84752 14.180 0.005
5274.79627 14.230 0.005
5275.78200 14.321 0.005
5275.91321 14.336 0.005
5276.81684 14.388 0.005
5277.78307 14.447 0.005
5277.91208 14.470 0.005
5278.79310 14.523 0.005
5279.79366 14.605 0.005
5279.91738 14.596 0.005
5280.84535 14.668 0.005
5281.78084 14.728 0.005
5281.91750 14.743 0.005
5282.76133 14.772 0.005
5282.90601 14.791 0.005
5283.76251 14.817 0.005
5284.76449 14.841 0.005
5285.76013 14.862 0.005
5285.88949 14.874 0.005
5286.75136 14.869 0.005
5287.82100 14.856 0.005
5288.75436 14.828 0.005
5292.82453 14.654 0.005
5293.83250 14.623 0.005
5294.73371 14.571 0.005
5294.77287 14.580 0.005
5294.80995 14.580 0.005
5294.87767 14.586 0.005
5294.91964 14.578 0.005
5295.77456 14.536 0.005
5295.81298 14.537 0.005
5295.85088 14.546 0.005
5295.88972 14.540 0.005
5296.77747 14.502 0.005
5296.81499 14.508 0.005
5296.85240 14.515 0.005
5296.89087 14.512 0.005
5297.77338 14.472 0.005
5297.81144 14.474 0.005
5297.84931 14.479 0.005
5297.88800 14.484 0.005
5298.77428 14.448 0.005
5298.81220 14.456 0.005
5298.84997 14.454 0.005
5298.88952 14.455 0.005
5298.92302 14.456 0.005
5299.91352 14.426 0.005
5300.86771 14.397 0.005
5300.90848 14.417 0.005
5301.76353 14.379 0.005
5301.80103 14.376 0.005
5301.83849 14.376 0.005
5301.87720 14.384 0.005
5301.91698 14.387 0.005
5304.76317 14.339 0.005
5306.69682 14.326 0.005
5306.75956 14.324 0.005
5306.79853 14.335 0.005
5306.86215 14.326 0.005
5306.90174 14.341 0.005
5307.68653 14.316 0.005
5307.74961 14.326 0.005
5307.81109 14.336 0.005
5307.84957 14.335 0.005
5307.89046 14.339 0.005
5307.92789 14.325 0.005
5308.73973 14.324 0.005
5308.80123 14.329 0.005
5308.83870 14.331 0.005
5308.88659 14.337 0.005
5309.74043 14.314 0.005
5309.81092 14.317 0.005
5309.85465 14.323 0.005
5309.89362 14.323 0.005
5309.93089 14.326 0.005
5310.72128 14.310 0.005
5310.77757 14.313 0.005
5310.85893 14.314 0.005
5310.89089 14.328 0.005
5310.92835 14.325 0.005
5311.82142 14.325 0.005
5311.87745 14.334 0.005
5311.92227 14.315 0.005
5312.74745 14.304 0.005
5312.78983 14.302 0.005
5312.82786 14.303 0.005
5312.87211 14.314 0.005
5312.91171 14.301 0.005
5313.78387 14.303 0.005
5313.82273 14.305 0.005
5313.86240 14.306 0.005
5313.90063 14.299 0.005
5314.67151 14.267 0.005
5314.71197 14.268 0.005
5314.75125 14.273 0.005
5314.79118 14.267 0.005
5314.84872 14.266 0.005
5314.88615 14.273 0.005
5314.92359 14.272 0.005
5315.68901 14.249 0.005
5315.73693 14.255 0.005
5315.77447 14.257 0.005
5315.81220 14.255 0.005
5315.85238 14.255 0.005
5315.89451 14.259 0.005
5316.68015 14.241 0.005
5316.72730 14.246 0.005
5316.77034 14.255 0.005
5316.80769 14.254 0.005
5316.86456 14.247 0.005
5320.64247 14.100 0.005
5320.68705 14.102 0.005
5320.73097 14.106 0.005
5320.76818 14.106 0.005
5320.80590 14.104 0.005
5320.84912 14.108 0.005
5320.88751 14.104 0.005
5320.92908 14.096 0.005
5321.71528 14.071 0.005
5321.75273 14.071 0.005
5321.79238 14.072 0.005
5321.83078 14.069 0.005
5321.87208 14.071 0.005
5321.90947 14.064 0.005
5322.69576 14.036 0.005
5323.66592 13.985 0.005
5323.73217 14.000 0.005
5323.77046 14.001 0.005
5323.81056 13.991 0.005
5323.85184 14.008 0.005
5323.89043 13.995 0.005
5323.92789 13.994 0.005
5324.70432 13.982 0.005
5324.74345 13.975 0.005
5324.78085 13.975 0.005
5324.82098 13.963 0.005
5324.85991 13.973 0.005
5324.89727 13.956 0.005
5324.93783 13.959 0.005
5325.68754 13.931 0.005
5325.72404 13.933 0.005
5325.76221 13.925 0.005
5325.79950 13.934 0.005
5325.84775 13.924 0.005
5325.88781 13.916 0.005
5325.92829 13.914 0.005
5326.63560 13.874 0.005
5326.72205 13.886 0.005
5326.76011 13.892 0.005
5326.79851 13.879 0.005
5326.83783 13.883 0.005
5326.87648 13.883 0.005
5326.91372 13.877 0.005
5327.64480 13.849 0.005
5327.74700 13.852 0.005
5327.78548 13.858 0.005
5327.82433 13.844 0.005
5327.86320 13.845 0.005
5327.90138 13.837 0.005
5327.93912 13.836 0.005
5328.67215 13.812 0.005
5328.74072 13.807 0.005
5328.77929 13.807 0.005
5328.81926 13.801 0.005
5328.85785 13.799 0.005
5328.89553 13.799 0.005
5328.93302 13.795 0.005
5334.61842 13.564 0.005
5334.68455 13.597 0.005
5334.76488 13.575 0.005
5334.82221 13.560 0.005
5334.86276 13.565 0.005
5334.90329 13.564 0.005
5334.94125 13.557 0.005
5335.74763 13.542 0.005
5335.78679 13.539 0.005
5335.82682 13.537 0.005
5335.86466 13.539 0.005
5335.90219 13.539 0.005
5335.94126 13.541 0.005
5336.84609 13.528 0.005
5336.91133 13.527 0.005
5337.75771 13.501 0.005
5337.79713 13.503 0.005
5337.83554 13.500 0.005
5337.87389 13.502 0.005
5337.91253 13.497 0.005
5338.75498 13.492 0.005
5338.79417 13.491 0.005
5338.83580 13.507 0.005
5338.89539 13.517 0.005
5339.67063 13.483 0.005
5339.70836 13.492 0.005
5339.80197 13.508 0.005
5339.86775 13.479 0.005
5339.90795 13.505 0.005
5339.94580 13.488 0.005
5340.65453 13.478 0.005
5340.69390 13.487 0.005
5340.78121 13.490 0.005
5340.83676 13.496 0.005
5340.87518 13.487 0.005
5340.91296 13.511 0.005
5341.58699 13.488 0.005
5341.62522 13.498 0.005
5341.73171 13.512 0.005
5341.80601 13.509 0.005
5341.84420 13.508 0.005
5341.88201 13.507 0.005
5341.92239 13.503 0.005
5342.59661 13.508 0.005
5342.63395 13.512 0.005
5342.67157 13.509 0.005
5342.70902 13.514 0.005
5342.74756 13.513 0.005
5342.79172 13.519 0.005
5342.82977 13.516 0.005
5342.86773 13.517 0.005
5342.90552 13.528 0.005
5342.94339 13.541 0.005
5343.61482 13.507 0.005
5343.65250 13.509 0.005
5343.69022 13.517 0.005
5343.72830 13.519 0.005
5343.76714 13.525 0.005
5343.80713 13.527 0.005
5343.84565 13.529 0.005
5343.89645 13.522 0.005
5343.93428 13.524 0.005
5348.66221 13.588 0.005
5348.72743 13.601 0.005
5348.79271 13.599 0.005
5348.83103 13.597 0.005
5348.87487 13.616 0.005
5348.91518 13.595 0.005
5349.59049 13.604 0.005
5349.67309 13.609 0.005
5349.74127 13.613 0.005
5349.80624 13.613 0.005
5349.84401 13.612 0.005
5350.64374 13.629 0.005
5350.68146 13.623 0.005
5350.71996 13.632 0.005
5351.57996 13.642 0.005
5351.63742 13.641 0.005
5351.71571 13.653 0.005
5351.80032 13.672 0.005
5351.87843 13.674 0.005
5351.91640 13.661 0.005
5352.64101 13.694 0.005
5352.73195 13.707 0.005
5352.88458 13.719 0.005
5352.92220 13.711 0.005
5353.61966 13.730 0.005
5353.69976 13.741 0.005
5353.76962 13.750 0.005
5353.80768 13.753 0.005
5353.85218 13.755 0.005
5353.89646 13.754 0.005
5354.64458 13.781 0.005
5354.73275 13.795 0.005
5354.82850 13.798 0.005
5354.86886 13.803 0.005
5354.90744 13.796 0.005
5355.58542 13.803 0.005
5355.66915 13.821 0.005
5355.75734 13.828 0.005
5355.81297 13.825 0.005
5355.86121 13.837 0.005
5355.89897 13.834 0.005
5357.66794 13.921 0.005
5357.75786 13.931 0.005
5357.87092 13.957 0.005
5358.63614 13.970 0.005
5358.73111 13.983 0.005
5358.83225 13.985 0.005
5359.57655 14.033 0.005
5359.62076 14.039 0.005
5359.67390 14.029 0.005
5359.72111 14.030 0.005
5359.77126 14.044 0.005
5359.81140 14.044 0.005
5359.85711 14.039 0.005
5359.89637 14.052 0.005
5361.66898 14.154 0.005
5362.58360 14.198 0.005
5362.65108 14.212 0.005
5362.74408 14.222 0.005
5362.86208 14.219 0.005
5362.90712 14.232 0.005
5364.55285 14.327 0.005
5364.62513 14.342 0.005
5364.71964 14.362 0.005
5364.78082 14.367 0.005
5364.82026 14.370 0.005
5364.86035 14.364 0.005
5364.89846 14.375 0.005
5365.57055 14.403 0.005
5365.64537 14.419 0.005
5365.74048 14.423 0.005
5365.82874 14.435 0.005
5365.86739 14.432 0.005
5365.90473 14.424 0.005
5368.64642 14.609 0.005
5369.72858 14.687 0.005
5369.77391 14.682 0.005
5369.81188 14.684 0.005
5369.85266 14.679 0.005
5376.65853 15.084 0.006
5376.69891 15.089 0.005
5376.73714 15.077 0.005
5376.77595 15.083 0.005
5376.81410 15.080 0.006
5376.85206 15.078 0.006
5377.54863 15.130 0.005
5377.59134 15.133 0.006
5377.62954 15.126 0.005
5377.70322 15.140 0.005
5377.74667 15.140 0.005
5377.78939 15.140 0.005
5377.82710 15.145 0.006
5377.86528 15.134 0.006
5378.54904 15.167 0.005
5378.63370 15.177 0.005
5378.72268 15.180 0.005
5378.76098 15.181 0.005
5378.79951 15.184 0.005
5378.83939 15.181 0.005
5378.87711 15.175 0.006
5379.51614 15.201 0.005
5379.58578 15.216 0.005
5379.67183 15.219 0.005
5379.74434 15.217 0.005
5379.78200 15.228 0.005
5379.81992 15.219 0.006
5379.86049 15.205 0.006
5380.52762 15.245 0.005
5380.56812 15.246 0.005
5380.65217 15.256 0.005
5380.72337 15.259 0.005
5380.76161 15.255 0.005
5380.79947 15.256 0.006
5380.83740 15.254 0.006
5381.53714 15.285 0.006
5381.57471 15.282 0.006
5381.61486 15.283 0.006
5381.67421 15.279 0.006
5381.71252 15.286 0.006
5381.75066 15.304 0.007
5381.79758 15.293 0.006
5381.83571 15.293 0.006
5382.52592 15.315 0.006
5382.56350 15.322 0.007
5382.61292 15.319 0.006
5382.65083 15.321 0.006
5382.69261 15.324 0.006
5382.73245 15.327 0.006
5382.77025 15.326 0.007
5382.82095 15.323 0.007
5383.77655 15.344 0.006
5384.80008 15.374 0.007
5385.47067 15.376 0.006
5385.50989 15.382 0.006
5385.81041 15.402 0.006
5385.84797 15.391 0.006
5386.47831 15.390 0.006
5386.56051 15.406 0.006
5386.60757 15.400 0.006
5386.64396 15.401 0.006
5386.74341 15.396 0.006
5386.78168 15.400 0.006
5386.82469 15.403 0.006
5387.50393 15.392 0.005
5387.61293 15.411 0.005
5387.64770 15.408 0.005
5387.68716 15.401 0.005
5387.72579 15.403 0.005
5387.76655 15.404 0.006
5387.80776 15.405 0.006
5388.46773 15.384 0.006
5388.50533 15.389 0.006
5388.56524 15.400 0.006
5388.67765 15.400 0.006
5388.76433 15.407 0.006
5388.80758 15.389 0.006
5388.84645 15.385 0.006
5389.49504 15.384 0.006
5389.53318 15.401 0.006
5389.61851 15.396 0.006
5389.72375 15.396 0.006
5389.78412 15.384 0.006
5389.82465 15.396 0.006
5390.46950 15.370 0.007
5390.52432 15.368 0.007
5390.56635 15.376 0.006
5390.65192 15.372 0.006
5390.69816 15.377 0.006
5390.74762 15.373 0.006
5390.78557 15.380 0.006
5390.82325 15.360 0.006
5391.51830 15.355 0.006
5391.55708 15.338 0.006
5391.61665 15.344 0.005
5391.72592 15.344 0.006
5391.80920 15.339 0.006
5391.84666 15.326 0.006
5392.49444 15.311 0.006
5392.53316 15.304 0.006
5392.59460 15.315 0.005
5392.70472 15.301 0.006
5392.78668 15.309 0.005
5392.82431 15.301 0.006
5393.63967 15.256 0.006
5393.67939 15.259 0.006
5393.71757 15.262 0.006
5393.76293 15.249 0.006
5393.80104 15.252 0.006
5395.80807 15.117 0.006
5396.52509 15.057 0.006
5396.59938 15.046 0.005
5396.66249 15.051 0.005
5396.76953 15.032 0.005
5396.80769 15.025 0.006
5397.61759 14.975 0.006
5397.66292 14.958 0.005
5397.70073 14.956 0.005
5402.61969 14.531 0.006
5402.67286 14.503 0.005
5403.48232 14.435 0.005
5403.51993 14.436 0.005
5403.55707 14.438 0.005
5403.59579 14.438 0.005
5403.63664 14.440 0.005
5403.67492 14.434 0.005
5403.71578 14.429 0.005
5403.75368 14.414 0.005
5403.79151 14.412 0.005
5404.49543 14.364 0.005
5404.53323 14.369 0.005
5404.57095 14.367 0.005
5404.61112 14.368 0.005
5404.65290 14.361 0.005
5404.69277 14.360 0.005
5404.73219 14.351 0.005
5404.77597 14.345 0.005
5405.63079 14.309 0.005
5405.67035 14.297 0.005
5405.70844 14.297 0.005
5405.74592 14.294 0.005
5405.78351 14.285 0.005
5407.48529 14.216 0.005
5407.52317 14.211 0.005
5407.56145 14.206 0.005
5407.60051 14.218 0.005
5407.64009 14.211 0.005
5407.67813 14.208 0.005
5407.71732 14.202 0.005
5407.75527 14.198 0.005
5408.51417 14.182 0.005
5408.56585 14.176 0.005
5408.60618 14.161 0.005
5408.64456 14.154 0.005
5408.68328 14.156 0.005
5408.72117 14.160 0.005
5408.75888 14.150 0.005
5409.46896 14.123 0.005
5409.50675 14.123 0.005
5409.59348 14.122 0.005
5409.69993 14.119 0.005
5409.76108 14.116 0.005
5410.46984 14.101 0.005
5410.51145 14.092 0.005
5410.59656 14.104 0.005
5410.70344 14.084 0.005
5410.76535 14.075 0.005
5411.48767 14.058 0.005
5411.52559 14.067 0.005
5411.63244 14.065 0.005
5411.74032 14.062 0.005
5411.77808 14.066 0.005
5412.53990 14.038 0.005
5412.57980 14.044 0.005
5412.61856 14.039 0.005
5412.65633 14.037 0.005
5412.70072 14.040 0.005
5413.48009 14.029 0.005
5413.51947 14.021 0.005
5413.62630 14.017 0.005
5413.73377 14.004 0.005
5413.77154 14.021 0.005
5414.49975 13.994 0.005
5414.56100 13.999 0.005
5414.67097 14.005 0.005
5414.75812 13.991 0.005
5416.61677 13.985 0.005
5416.67350 13.972 0.005
5418.53577 13.950 0.005
5418.58231 13.957 0.005
5418.63248 13.956 0.005
5418.68402 13.968 0.005
5421.49127 13.934 0.005
5421.53534 13.937 0.005
5421.59495 13.933 0.005
5421.64113 13.934 0.005
5421.68343 13.945 0.005
5421.72782 13.929 0.005
5422.51714 13.924 0.005
5422.56319 13.933 0.005
5422.71719 13.930 0.005
5423.50111 13.913 0.005
5423.54343 13.920 0.005
5423.67714 13.928 0.005
5425.50856 13.865 0.005
5425.55026 13.866 0.005
5426.51650 13.830 0.005
5426.59550 13.834 0.005
5426.73601 13.829 0.005
5430.50206 13.724 0.005
5430.54852 13.729 0.005
5430.58679 13.721 0.005
5430.62576 13.719 0.005
5430.66689 13.726 0.005
5431.50323 13.697 0.005
5431.54376 13.697 0.005
5431.58179 13.696 0.005
5431.62318 13.699 0.005
5431.66081 13.696 0.005
5432.52772 13.697 0.005
5432.64023 13.685 0.005
5433.66352 13.670 0.005
5434.48922 13.677 0.005
5434.53429 13.682 0.005
5434.57867 13.677 0.005
5434.62102 13.674 0.005
5434.66576 13.669 0.005
5434.70583 13.663 0.005
5435.50528 13.673 0.005
5435.54809 13.677 0.005
5435.61801 13.674 0.005
5435.67147 13.679 0.005
5435.71042 13.655 0.005
5436.50374 13.660 0.005
5436.64769 13.674 0.005
5437.48634 13.667 0.005
5437.58326 13.672 0.005
5438.49893 13.676 0.005
5438.53838 13.686 0.005
5438.63982 13.702 0.005
5438.67785 13.689 0.005
5439.49128 13.704 0.005
5439.55632 13.702 0.005
5439.59369 13.698 0.005
5439.63171 13.711 0.005
5439.67750 13.711 0.005
5443.52400 13.735 0.005
5443.57011 13.742 0.005
5443.60793 13.744 0.005
5443.65046 13.737 0.005
5444.48256 13.774 0.005
5444.53326 13.787 0.005
5444.58987 13.761 0.005
5444.63189 13.758 0.005
5444.67000 13.757 0.005
5445.53578 13.777 0.005
5445.63973 13.792 0.005
5445.67877 13.777 0.005
5446.51423 13.821 0.005
5446.56003 13.816 0.005
5446.59988 13.815 0.005
5446.63901 13.822 0.005
5447.48634 13.822 0.005
5447.52984 13.836 0.005
5447.56904 13.828 0.005
5447.63446 13.829 0.005
5448.50711 13.870 0.005
5448.54581 13.866 0.005
5448.56056 13.875 0.005
5448.66177 13.864 0.005
5449.50187 13.907 0.005
5449.61606 13.898 0.005
5450.50481 13.919 0.005
5450.54242 13.925 0.005
5450.58573 13.924 0.005
5450.63065 13.921 0.005
5451.66117 13.973 0.005
5453.54007 14.021 0.005
5453.65727 14.020 0.005
5457.47328 14.195 0.005
5457.54105 14.208 0.005
5457.58859 14.195 0.005
5458.47478 14.236 0.005
5458.52356 14.260 0.005
5458.57380 14.254 0.005
5459.49042 14.308 0.005
5459.53685 14.322 0.005
5459.58899 14.309 0.005
5460.48028 14.386 0.005
5462.52930 14.511 0.005
5462.60665 14.510 0.005
5463.50070 14.579 0.005
5463.54275 14.585 0.005
5464.49099 14.650 0.005
5464.53278 14.652 0.005
5465.48411 14.722 0.005
5466.54073 14.798 0.005
5468.53590 14.928 0.005
5469.55190 14.998 0.005
5470.59049 15.055 0.005
5471.57456 15.114 0.005
5472.53071 15.167 0.006
5473.48976 15.237 0.006
5473.58302 15.228 0.006
5477.52107 15.458 0.006
5478.54425 15.507 0.006
5480.48722 15.578 0.008
5480.55625 15.594 0.007
5481.52695 15.600 0.008
5485.49798 15.668 0.008
5486.49533 15.690 0.008
5486.55726 15.659 0.008
5487.54174 15.667 0.007
5488.52890 15.640 0.007
5489.51528 15.576 0.007
5490.51544 15.513 0.007
5492.50065 15.317 0.007
5494.52553 15.051 0.006
5495.52928 14.918 0.005
5497.52854 14.677 0.005
5499.53086 14.473 0.005
5507.50520 14.040 0.005
5596.87523 14.425 0.005
5597.88165 14.380 0.005
5598.86375 14.322 0.005
5599.87722 14.307 0.005
5600.87006 14.248 0.005
5602.86448 14.170 0.005
5604.87269 14.115 0.005
5605.87076 14.084 0.005
5606.86851 14.051 0.005
5607.87282 14.020 0.005
5608.86771 13.997 0.005
5610.89296 13.958 0.005
5612.86736 13.927 0.005
5614.85282 13.928 0.005
5615.86110 13.940 0.005
5616.85383 13.957 0.005
5617.88981 13.964 0.005
5620.84220 14.011 0.005
5621.84502 14.021 0.005
5622.87928 14.027 0.005
5624.83769 14.018 0.005
5625.81687 14.011 0.005
5626.81212 14.035 0.005
5627.84112 14.007 0.005
5628.85186 13.999 0.005
5629.82005 13.988 0.005
5630.79746 13.974 0.005
5631.82351 13.986 0.005
5632.83251 13.970 0.005
5633.78974 13.990 0.005
5634.84460 14.000 0.005
5635.85292 13.995 0.005
5637.81281 14.023 0.005
5638.79195 14.046 0.005
5639.77992 14.055 0.005
5639.85565 14.073 0.005
5640.78760 14.083 0.005
5640.82592 14.084 0.005
5640.87361 14.094 0.005
5640.91448 14.085 0.005
5641.78041 14.086 0.005
5641.82280 14.114 0.005
5641.86099 14.113 0.005
5641.90569 14.107 0.005
5642.78273 14.132 0.005
5642.84177 14.136 0.005
5642.90161 14.128 0.005
5643.75725 14.140 0.005
5643.79548 14.146 0.005
5643.85532 14.162 0.005
5643.89618 14.159 0.005
5644.76119 14.170 0.005
5644.80181 14.178 0.005
5644.87617 14.186 0.005
5647.80193 14.290 0.005
5647.84581 14.291 0.005
5647.87303 14.291 0.005
5647.88902 14.295 0.005
5647.90739 14.298 0.005
5648.74699 14.324 0.005
5648.80952 14.326 0.005
5648.85353 14.345 0.005
5648.89677 14.331 0.005
5649.75280 14.365 0.005
5649.79198 14.366 0.005
5649.85944 14.390 0.005
5649.89793 14.381 0.005
5650.74317 14.408 0.005
5650.78388 14.422 0.005
5650.84624 14.428 0.005
5650.89041 14.422 0.005
5651.76553 14.473 0.005
5651.80817 14.472 0.005
5651.87882 14.475 0.005
5652.74560 14.501 0.005
5652.80704 14.520 0.005
5652.84936 14.522 0.005
5653.77402 14.560 0.005
5653.90312 14.566 0.005
5654.77590 14.606 0.005
5654.82565 14.607 0.005
5654.86720 14.603 0.005
5654.92023 14.606 0.005
5655.76699 14.644 0.005
5655.80502 14.646 0.005
5655.84316 14.650 0.005
5655.89016 14.639 0.005
5656.78503 14.686 0.005
5656.82865 14.685 0.005
5656.87301 14.684 0.005
5657.77632 14.717 0.005
5657.81502 14.723 0.005
5657.86043 14.720 0.005
5657.90507 14.725 0.005
5658.77056 14.752 0.005
5658.81137 14.751 0.005
5658.86829 14.759 0.005
5658.90978 14.759 0.005
5659.72511 14.781 0.005
5659.76265 14.789 0.005
5659.80197 14.785 0.005
5659.84092 14.787 0.005
5659.89070 14.788 0.005
5660.72419 14.812 0.005
5660.77156 14.815 0.005
5660.81490 14.822 0.005
5660.87047 14.830 0.005
5662.72327 14.869 0.005
5662.76364 14.873 0.005
5662.82537 14.877 0.005
5662.86354 14.877 0.005
5662.90552 14.878 0.005
5663.76622 14.903 0.005
5664.76844 14.933 0.005
5664.80949 14.940 0.005
5664.86990 14.946 0.005
5664.91356 14.940 0.005
5665.73756 14.955 0.005
5665.78337 14.959 0.005
5665.84764 14.966 0.005
5665.89526 14.970 0.005
5667.71946 14.992 0.005
5667.77206 14.998 0.005
5667.82452 14.999 0.005
5667.87722 15.005 0.005
5667.92283 15.004 0.005
5668.76099 15.013 0.005
5668.82847 15.008 0.005
5668.88558 15.008 0.005
5668.92469 15.013 0.005
5669.77430 15.014 0.005
5669.81307 15.014 0.005
5669.87476 15.009 0.005
5669.91810 15.017 0.005
5670.74884 15.004 0.005
5670.80108 15.010 0.005
5670.85325 15.002 0.005
5670.89465 15.003 0.005
5671.73024 14.987 0.005
5671.77068 14.982 0.005
5675.73277 14.810 0.005
5675.77113 14.808 0.005
5675.81047 14.807 0.005
5675.86983 14.811 0.005
5675.92277 14.788 0.005
5676.69772 14.750 0.005
5676.73690 14.725 0.005
5676.77577 14.727 0.005
5676.82079 14.718 0.005
5676.87665 14.722 0.005
5676.92608 14.707 0.005
5677.73186 14.633 0.005
5677.77545 14.635 0.005
5677.82584 14.631 0.005
5677.87782 14.631 0.005
5677.91771 14.626 0.005
5679.69572 14.455 0.005
5679.73762 14.460 0.005
5679.78957 14.454 0.005
5679.84063 14.465 0.005
5679.88199 14.452 0.005
5679.92019 14.435 0.005
5680.68324 14.379 0.005
5680.72164 14.378 0.005
5680.77031 14.372 0.005
5680.82354 14.357 0.005
5680.86651 14.368 0.005
5680.90732 14.354 0.005
5681.67362 14.289 0.005
5681.71183 14.274 0.005
5681.75113 14.276 0.005
5681.80201 14.282 0.005
5681.85709 14.281 0.005
5681.89877 14.269 0.005
5682.66100 14.199 0.005
5682.70179 14.198 0.005
5682.74908 14.205 0.005
5682.79162 14.198 0.005
5682.88166 14.202 0.005
5682.92134 14.189 0.005
5683.68239 14.128 0.005
5683.73256 14.141 0.005
5683.80239 14.141 0.005
5683.86020 14.126 0.005
5683.90239 14.127 0.005
5684.65260 14.066 0.005
5684.70558 14.079 0.005
5684.76473 14.085 0.005
5684.81717 14.078 0.005
5684.87658 14.078 0.005
5684.91681 14.058 0.005
5685.74328 14.004 0.005
5685.79185 14.014 0.005
5685.84406 14.013 0.005
5685.88765 14.003 0.005
5685.92869 13.993 0.005
5686.69253 13.943 0.005
5686.74127 13.949 0.005
5686.79863 13.962 0.005
5686.84596 13.952 0.005
5686.88790 13.960 0.005
5686.92765 13.948 0.005
5687.68435 13.901 0.005
5687.72767 13.901 0.005
5687.77846 13.898 0.005
5687.83133 13.893 0.005
5688.84455 13.860 0.005
5688.91258 13.844 0.005
5689.67548 13.804 0.005
5689.74007 13.809 0.005
5689.78852 13.811 0.005
5690.62707 13.773 0.005
5690.66618 13.764 0.005
5690.71715 13.765 0.005
5690.77950 13.763 0.005
5690.81934 13.769 0.005
5690.88225 13.755 0.005
5691.62350 13.732 0.005
5691.68831 13.721 0.005
5691.74634 13.728 0.005
5691.79057 13.721 0.005
5691.83994 13.724 0.005
5691.87869 13.724 0.005
5692.63179 13.717 0.005
5692.68335 13.693 0.005
5692.74265 13.688 0.005
5692.78041 13.681 0.005
5692.82092 13.688 0.005
5692.85898 13.689 0.005
5692.89736 13.685 0.005
5692.93715 13.685 0.005
5692.93900 13.677 0.005
5693.64780 13.653 0.005
5693.70727 13.668 0.005
5693.76644 13.668 0.005
5693.80428 13.665 0.005
5693.84298 13.667 0.005
5693.88087 13.655 0.005
5693.92273 13.639 0.005
5694.62541 13.641 0.005
5694.65985 13.635 0.005
5694.71260 13.643 0.005
5694.76701 13.642 0.005
5694.81310 13.648 0.005
5694.85103 13.636 0.005
5694.88860 13.626 0.005
5694.92605 13.616 0.005
5695.62970 13.626 0.005
5695.68239 13.615 0.005
5695.76480 13.612 0.005
5695.81395 13.632 0.005
5695.85290 13.630 0.005
5695.89064 13.609 0.005
5695.92825 13.603 0.005
5696.61868 13.615 0.005
5696.65983 13.618 0.005
5696.71663 13.622 0.005
5696.75597 13.617 0.005
5696.79780 13.625 0.005
5696.84080 13.618 0.005
5696.88269 13.615 0.005
5696.93870 13.614 0.005
5697.62797 13.609 0.005
5697.67537 13.599 0.005
5697.72297 13.617 0.005
5697.76189 13.600 0.005
5697.80530 13.609 0.005
5697.84293 13.613 0.005
5697.88757 13.597 0.005
5697.92831 13.586 0.005
5698.62064 13.592 0.005
5698.66843 13.587 0.005
5698.70884 13.592 0.005
5698.74874 13.587 0.005
5698.78879 13.587 0.005
5698.82992 13.596 0.005
5698.86779 13.585 0.005
5698.90935 13.569 0.005
5702.62816 13.541 0.005
5702.66225 13.532 0.005
5702.69872 13.548 0.005
5702.75072 13.529 0.005
5702.78142 13.536 0.005
5702.91486 13.517 0.005
5703.74436 13.518 0.005
5703.81528 13.547 0.005
5703.86493 13.532 0.005
5705.73722 13.505 0.005
5705.78006 13.497 0.005
5705.83153 13.485 0.005
5705.88530 13.519 0.005
5705.93443 13.508 0.005
5706.71345 13.489 0.005
5706.76912 13.489 0.005
5706.84134 13.489 0.005
5707.57676 13.463 0.005
5707.61422 13.464 0.005
5707.66127 13.467 0.005
5707.70902 13.471 0.005
5707.74752 13.470 0.005
5707.78828 13.473 0.005
5707.82802 13.465 0.005
5707.86779 13.469 0.005
5707.90814 13.462 0.005
5708.57343 13.472 0.005
5708.62309 13.502 0.005
5708.67922 13.473 0.005
5708.72848 13.467 0.005
5708.76947 13.478 0.005
5708.81815 13.463 0.005
5708.86346 13.471 0.005
5708.92206 13.475 0.005
5709.59753 13.463 0.005
5709.65262 13.465 0.005
5709.83600 13.467 0.005
5712.57106 13.502 0.005
5712.63389 13.494 0.005
5712.64641 13.495 0.005
5712.70745 13.502 0.005
5712.74826 13.503 0.005
5712.78997 13.501 0.005
5712.82903 13.494 0.005
5712.87645 13.489 0.005
5713.75680 13.524 0.005
5713.79293 13.518 0.005
5713.80540 13.515 0.005
5713.84378 13.510 0.005
5714.57976 13.546 0.005
5714.65364 13.547 0.005
5714.66660 13.538 0.005
5714.86817 13.564 0.005
5715.65422 13.564 0.005
5715.69887 13.557 0.005
5715.74387 13.559 0.005
5715.79047 13.559 0.005
5715.83303 13.550 0.005
5715.88820 13.560 0.005
5716.57748 13.574 0.005
5716.66363 13.593 0.005
5716.67638 13.591 0.005
5716.72911 13.591 0.005
5716.77256 13.599 0.005
5716.81242 13.587 0.005
5716.85198 13.604 0.005
5716.89139 13.587 0.005
5721.59403 13.748 0.005
5721.60651 13.751 0.005
5721.61894 13.752 0.005
5721.67129 13.759 0.005
5721.68386 13.758 0.005
5721.69638 13.757 0.005
5721.76422 13.751 0.005
5721.80377 13.762 0.005
5721.84488 13.756 0.005
5721.89478 13.757 0.005
5722.58925 13.801 0.005
5722.64367 13.801 0.005
5722.69829 13.811 0.005
5722.76376 13.819 0.005
5722.80351 13.812 0.005
5723.54475 13.839 0.005
5723.58421 13.846 0.005
5723.63234 13.851 0.005
5723.68231 13.856 0.005
5723.72233 13.852 0.005
5723.76188 13.859 0.005
5723.80047 13.846 0.005
5723.84010 13.843 0.005
5724.54006 13.912 0.005
5724.58314 13.905 0.005
5724.59738 13.906 0.005
5724.60996 13.903 0.005
5724.66065 13.907 0.005
5724.72204 13.901 0.005
5724.77187 13.910 0.005
5724.81292 13.907 0.005
5725.56291 13.934 0.005
5725.63031 13.939 0.005
5725.69694 13.940 0.005
5725.73753 13.956 0.005
5725.77641 13.942 0.005
5726.53945 13.973 0.005
5726.57727 13.983 0.005
5726.62434 13.988 0.005
5726.67167 13.988 0.005
5726.71114 13.993 0.005
5726.75168 14.005 0.005
5726.79714 14.002 0.005
5734.59742 14.468 0.005
5734.67649 14.458 0.005
5734.72189 14.454 0.005
5734.76755 14.468 0.005
5734.81092 14.478 0.005
5734.86123 14.498 0.005
5735.64930 14.520 0.005
5735.69454 14.521 0.005
5735.75686 14.534 0.005
5735.80576 14.531 0.005
5735.85254 14.534 0.005
5736.50981 14.572 0.005
5736.55281 14.576 0.005
5736.59077 14.581 0.005
5736.63509 14.589 0.005
5736.67511 14.586 0.005
5736.74719 14.601 0.005
5736.80281 14.599 0.005
5736.84990 14.608 0.005
5736.89666 14.593 0.005
5737.53601 14.641 0.005
5737.57600 14.642 0.005
5737.63027 14.654 0.005
5737.67103 14.660 0.005
5737.72556 14.657 0.005
5737.76496 14.662 0.005
5737.80566 14.659 0.005
5737.85125 14.661 0.005
5737.89311 14.656 0.005
5738.60426 14.720 0.005
5738.65740 14.723 0.005
5738.71183 14.724 0.005
5738.75137 14.720 0.005
5739.54245 14.777 0.005
5739.58067 14.771 0.005
5739.62126 14.785 0.005
5739.68843 14.788 0.005
5739.72792 14.770 0.005
5739.76688 14.794 0.005
5739.80934 14.783 0.005
5739.86272 14.787 0.005
5740.51662 14.838 0.005
5740.56129 14.852 0.005
5740.62300 14.874 0.005
5740.66491 14.849 0.005
5740.72561 14.852 0.005
5740.76542 14.856 0.005
5740.81005 14.855 0.005
5740.84829 14.856 0.005
5741.49701 14.900 0.005
5741.53525 14.904 0.005
5741.58054 14.903 0.005
5741.61834 14.910 0.005
5741.65639 14.923 0.005
5741.71759 14.911 0.005
5741.75914 14.917 0.005
5741.79757 14.921 0.005
5741.83559 14.918 0.005
5741.87375 14.916 0.005
5742.50743 14.953 0.005
5742.55039 14.965 0.005
5742.59150 14.964 0.005
5742.64007 14.964 0.005
5742.69186 14.966 0.005
5742.73084 14.976 0.005
5742.76886 14.981 0.005
5742.80717 14.980 0.005
5742.84738 14.978 0.005
5743.60264 15.037 0.005
5743.64114 15.036 0.005
5743.68206 15.024 0.005
5743.74184 15.035 0.005
5743.78005 15.030 0.005
5743.81808 15.043 0.005
5743.85580 15.033 0.005
5744.49968 15.071 0.006
5744.53775 15.069 0.005
5744.57623 15.081 0.005
5744.61438 15.073 0.005
5744.67526 15.082 0.005
5744.74866 15.087 0.005
5744.79475 15.085 0.005
5744.83958 15.092 0.005
5745.52727 15.133 0.006
5745.57401 15.134 0.005
5745.61424 15.138 0.005
5745.66371 15.148 0.005
5745.71334 15.147 0.005
5745.75132 15.145 0.005
5745.78941 15.150 0.006
5746.54137 15.185 0.005
5746.59557 15.184 0.005
5746.63346 15.190 0.005
5746.70213 15.195 0.005
5746.73989 15.189 0.005
5746.77750 15.193 0.005
5746.81992 15.197 0.006
5747.58732 15.243 0.006
5747.63067 15.243 0.006
5747.67701 15.243 0.006
5747.72001 15.247 0.006
5747.76409 15.254 0.006
5748.60632 15.281 0.005
5748.65647 15.294 0.005
5749.50179 15.314 0.006
5749.53962 15.320 0.005
5749.57747 15.319 0.005
5749.61699 15.322 0.005
5749.66707 15.323 0.006
5749.70620 15.315 0.006
5749.74441 15.319 0.006
5749.78293 15.332 0.006
5752.54609 15.368 0.006
5752.58395 15.358 0.006
5752.63730 15.357 0.006
5752.69053 15.354 0.005
5752.73503 15.358 0.005
5752.77491 15.359 0.006
5759.80870 15.036 0.006
5760.46670 14.991 0.005
5760.50463 14.997 0.005
5760.56098 14.988 0.005
5760.66001 14.971 0.005
5760.70131 14.977 0.005
5760.75014 14.977 0.005
5760.78812 14.970 0.005
5760.82575 14.965 0.005
5762.48531 14.863 0.005
5762.52593 14.869 0.005
5762.56410 14.862 0.005
5762.60595 14.854 0.005
5762.64491 14.854 0.005
5762.72047 14.855 0.005
5763.47624 14.794 0.005
5763.51887 14.803 0.005
5763.56056 14.793 0.005
5763.61463 14.801 0.005
5763.66276 14.783 0.005
5763.70316 14.780 0.005
5763.74811 14.769 0.005
5763.78611 14.769 0.005
5764.48068 14.745 0.005
5764.52473 14.742 0.005
5764.56446 14.748 0.005
5764.60752 14.737 0.005
5764.65480 14.736 0.005
5764.70292 14.734 0.005
5764.74903 14.721 0.005
5765.48330 14.680 0.005
5765.52612 14.679 0.005
5765.57806 14.675 0.005
5765.63374 14.662 0.005
5765.67718 14.663 0.005
5765.72214 14.667 0.005
5765.76539 14.672 0.005
5766.49572 14.625 0.005
5766.53529 14.612 0.005
5766.59954 14.613 0.005
5766.63899 14.620 0.005
5766.67978 14.601 0.005
5766.72444 14.617 0.005
5767.47285 14.575 0.005
5767.51667 14.567 0.005
5767.55980 14.558 0.005
5767.60392 14.567 0.005
5767.67170 14.548 0.005
5767.72551 14.547 0.005
5767.76759 14.543 0.005
5768.47206 14.505 0.005
5768.51239 14.494 0.005
5768.57274 14.495 0.005
5768.61554 14.494 0.005
5768.66220 14.494 0.005
5768.71236 14.486 0.005
5768.75265 14.483 0.005
5768.79133 14.482 0.005
5769.49753 14.449 0.005
5769.53871 14.439 0.005
5769.59382 14.438 0.005
5769.66115 14.432 0.005
5769.71065 14.447 0.005
5769.75302 14.427 0.005
5770.65356 14.384 0.005
5770.73827 14.383 0.005
5775.55273 14.214 0.005
5775.61954 14.196 0.005
5775.69676 14.193 0.005
5776.57478 14.174 0.005
5776.62279 14.173 0.005
5776.68862 14.163 0.005
5776.73800 14.175 0.005
5777.49420 14.133 0.005
5777.54432 14.138 0.005
5777.59080 14.135 0.005
5777.67101 14.134 0.005
5777.72159 14.131 0.005
5778.47765 14.147 0.005
5778.52922 14.136 0.005
5778.57567 14.130 0.005
5778.62383 14.126 0.005
5779.61324 14.092 0.005
5779.65953 14.093 0.005
5779.71206 14.090 0.005
5784.51126 14.022 0.005
5784.59747 14.006 0.005
5784.70574 14.018 0.005
5785.47565 14.002 0.005
5785.53962 14.010 0.005
5785.59207 13.999 0.005
5785.64125 14.005 0.005
5785.68222 13.992 0.005
5785.72402 14.000 0.005
5786.52298 13.979 0.005
5786.58523 13.968 0.005
5786.62937 13.965 0.005
5786.67198 13.969 0.005
5786.72893 13.958 0.005
5787.49109 13.933 0.005
5787.56237 13.939 0.005
5787.60651 13.924 0.005
5787.64917 13.931 0.005
5787.69047 13.927 0.005
5787.73757 13.912 0.005
5788.50593 13.906 0.005
5788.57023 13.906 0.005
5788.60889 13.909 0.005
5788.65066 13.899 0.005
5788.69157 13.928 0.005
5788.73309 13.905 0.005
5790.48750 13.829 0.005
5790.53732 13.821 0.005
5790.58930 13.818 0.005
5790.62849 13.818 0.005
5790.66944 13.827 0.005
5790.70971 13.812 0.005
5791.47588 13.796 0.005
5791.52598 13.790 0.005
5793.47605 13.689 0.005
5793.54080 13.680 0.005
5793.58337 13.679 0.005
5793.62420 13.668 0.005
5793.66288 13.667 0.005
5793.70427 13.664 0.005
5794.47807 13.665 0.005
5794.53788 13.660 0.005
5794.59039 13.644 0.005
5794.62906 13.647 0.005
5794.67664 13.636 0.005
5795.52877 13.667 0.005
5795.58587 13.655 0.005
5795.64220 13.638 0.005
5795.72390 13.618 0.005
5796.50208 13.581 0.005
5796.56750 13.580 0.005
5796.61086 13.585 0.005
5796.65091 13.588 0.005
5796.69399 13.580 0.005
5798.67532 13.535 0.005
5801.48139 13.486 0.005
5801.54605 13.478 0.005
5801.58499 13.477 0.005
5801.62312 13.500 0.005
5801.66448 13.474 0.005
5802.52205 13.496 0.005
5802.57890 13.482 0.005
5803.50972 13.495 0.005
5803.59100 13.495 0.005
5804.52873 13.494 0.005
5804.56698 13.490 0.005
5804.60735 13.500 0.005
5804.64526 13.489 0.005
5804.68923 13.490 0.005
5805.50552 13.504 0.005
5805.55801 13.511 0.005
5805.59586 13.505 0.005
5805.64219 13.501 0.005
5806.49857 13.529 0.005
5806.55514 13.541 0.005
5807.55183 13.569 0.005
5807.59339 13.559 0.005
5807.63571 13.573 0.005
5812.49862 13.700 0.005
5812.53891 13.690 0.005
5812.57815 13.691 0.005
5812.61809 13.691 0.005
5812.65778 13.688 0.005
5813.51994 13.710 0.005
5813.56198 13.712 0.005
5813.60020 13.711 0.005
5813.63796 13.704 0.005
5815.47856 13.799 0.005
5815.53151 13.799 0.005
5815.56997 13.804 0.005
5815.61717 13.812 0.005
5815.65345 13.807 0.005
5816.50286 13.837 0.005
5816.55036 13.839 0.005
5816.58869 13.839 0.005
5816.62671 13.864 0.005
5817.50402 13.891 0.005
5817.55136 13.901 0.005
5817.59054 13.904 0.005
5817.62838 13.906 0.005
5818.48326 13.958 0.005
5818.53278 13.951 0.005
5818.57078 13.961 0.005
5818.61110 13.983 0.005
5819.48331 14.007 0.005
5819.54148 14.010 0.005
5819.57908 14.008 0.005
5819.61837 14.006 0.005
5819.65530 13.998 0.005
5820.51017 14.080 0.005
5820.55714 14.079 0.005
5820.59498 14.082 0.005
5820.63277 14.087 0.005
5822.52378 14.225 0.005
5822.56873 14.230 0.005
5822.61222 14.233 0.005
5823.50035 14.319 0.005
5823.54366 14.315 0.005
5823.58719 14.312 0.005
5823.62766 14.302 0.005
5824.52600 14.369 0.005
5824.56524 14.380 0.005
5824.60646 14.376 0.005
5825.48598 14.479 0.005
5825.53556 14.470 0.005
5825.58191 14.479 0.005
5825.62425 14.462 0.005
5826.50505 14.572 0.005
5826.55373 14.575 0.005
5826.59322 14.588 0.005
5827.49345 14.673 0.005
5827.53113 14.674 0.005
5827.57397 14.668 0.005
5827.61154 14.668 0.005
5828.50460 14.773 0.005
5828.54450 14.777 0.005
5828.58214 14.788 0.005
5828.61686 14.781 0.005
5829.51735 14.885 0.005
5829.55527 14.887 0.005
5829.59355 14.884 0.005
5830.48122 14.993 0.005
5830.53052 14.999 0.005
5830.56818 15.003 0.005
5830.60643 15.002 0.005
5831.52928 15.108 0.005
5831.56683 15.107 0.005
5831.60258 15.101 0.005
5832.51269 15.207 0.005
5832.55226 15.212 0.005
5832.59189 15.208 0.006
5833.51036 15.306 0.005
5833.55024 15.311 0.005
5833.58807 15.299 0.006
5834.50984 15.410 0.005
5834.54751 15.415 0.005
5834.58688 15.413 0.006
5835.53097 15.486 0.007
5836.48452 15.592 0.008
5836.52807 15.573 0.007
5839.48425 15.799 0.008
5839.52416 15.803 0.008
5839.56310 15.793 0.008
5839.59348 15.802 0.009
5840.51235 15.860 0.008
5840.56479 15.844 0.007
5840.60693 15.827 0.007
5841.51024 15.875 0.008
5841.54982 15.894 0.008
5841.59286 15.883 0.008
5842.55637 15.909 0.008
5842.59682 15.896 0.008
5843.51383 15.961 0.008
5843.55466 15.952 0.008
5843.59515 15.952 0.008
5844.49815 15.975 0.008
5844.53760 15.975 0.008
5844.57839 15.967 0.008
5845.49849 15.996 0.008
5845.53830 16.013 0.008
5845.57865 15.974 0.009
5846.50235 15.967 0.008
5846.54034 15.955 0.009
5846.57918 15.949 0.009
5850.51306 15.917 0.007
5850.55167 15.890 0.007
5851.50198 15.841 0.007
5851.54032 15.842 0.007
5852.48985 15.735 0.008
5852.52980 15.746 0.008
5854.49335 15.585 0.008
5854.53655 15.573 0.006
5856.52237 15.407 0.006
5858.49477 15.275 0.007
5859.49353 15.193 0.006
5859.53095 15.199 0.005
5860.50703 15.104 0.005
5862.51508 14.969 0.005
5866.50758 14.656 0.005
5866.52307 14.638 0.005
5867.51076 14.541 0.005
5868.51210 14.442 0.005
5870.50767 14.273 0.005
5871.49642 14.206 0.005
5871.50864 14.205 0.005
5872.49625 14.159 0.005
5873.49744 14.147 0.005
5960.87838 14.084 0.005
5961.87355 14.022 0.005
5962.87821 13.979 0.005
5963.87886 13.936 0.005
5964.87393 13.893 0.005
5965.88130 13.875 0.005
5967.88636 13.810 0.005
5968.87934 13.775 0.005
5969.88578 13.736 0.005
5971.86013 13.664 0.005
5972.87575 13.632 0.005
5976.86561 13.522 0.005
5977.82369 13.481 0.005
5977.86451 13.493 0.005
5978.83656 13.456 0.005
5978.87495 13.469 0.005
5979.82735 13.449 0.005
5979.86679 13.441 0.005
5980.84833 13.427 0.005
5982.81410 13.400 0.005
5982.85275 13.414 0.005
5982.90000 13.424 0.005
5983.84452 13.421 0.005
5983.89207 13.443 0.005
5984.82986 13.428 0.005
5984.86480 13.449 0.005
5985.81385 13.447 0.005
5985.84880 13.457 0.005
5985.89249 13.455 0.005
5986.82707 13.465 0.005
5986.86543 13.475 0.005
5987.81330 13.496 0.005
5987.84189 13.506 0.005
5987.89130 13.514 0.005
5988.81797 13.529 0.005
5988.85892 13.536 0.005
5988.90565 13.542 0.005
5989.82842 13.556 0.005
5989.87016 13.565 0.005
5990.79926 13.587 0.005
5990.83296 13.582 0.005
5990.87437 13.599 0.005
5991.80663 13.624 0.005
5991.84947 13.625 0.005
5991.90103 13.644 0.005
5992.82456 13.662 0.005
5992.86664 13.670 0.005
5993.78929 13.718 0.005
5993.83209 13.719 0.005
5993.87195 13.717 0.005
5994.80095 13.733 0.005
5994.82633 13.740 0.005
5994.87704 13.751 0.005
5995.78764 13.787 0.005
5995.80896 13.800 0.005
5995.84214 13.803 0.005
5995.89128 13.802 0.005
5996.79574 13.829 0.005
5996.83332 13.835 0.005
5996.88008 13.838 0.005
5997.79120 13.856 0.005
5997.82718 13.877 0.005
5997.87554 13.877 0.005
5997.91327 13.884 0.005
5998.80303 13.915 0.005
5998.85201 13.932 0.005
5998.89331 13.933 0.005
5999.78743 13.968 0.005
5999.83644 13.976 0.005
5999.87437 13.984 0.005
5999.91237 13.994 0.005
6002.80458 14.120 0.005
6002.83742 14.120 0.005
6002.87814 14.131 0.005
6003.85284 14.167 0.005
6003.89954 14.162 0.005
6004.78467 14.203 0.005
6004.83259 14.212 0.005
6004.88105 14.214 0.005
6004.91899 14.220 0.005
6005.78719 14.247 0.005
6005.83008 14.262 0.005
6005.89411 14.268 0.005
6006.76094 14.299 0.005
6006.80399 14.316 0.005
6006.86362 14.311 0.005
6006.90197 14.322 0.005
6007.76548 14.351 0.005
6007.81287 14.366 0.005
6007.86090 14.360 0.005
6007.89889 14.356 0.005
6008.75754 14.394 0.005
6008.79641 14.401 0.005
6008.85303 14.402 0.005
6008.89222 14.412 0.005
6009.75194 14.437 0.005
6009.78480 14.441 0.005
6009.84233 14.454 0.005
6009.88012 14.461 0.005
6009.91799 14.464 0.005
6010.76326 14.490 0.005
6010.81234 14.496 0.005
6010.86231 14.502 0.005
6010.89990 14.502 0.005
6011.74675 14.556 0.005
6011.79246 14.564 0.005
6011.86784 14.566 0.005
6011.90612 14.574 0.005
6012.75098 14.606 0.005
6012.79430 14.606 0.005
6012.84366 14.609 0.005
6012.89073 14.629 0.005
6013.74779 14.658 0.005
6013.74997 14.646 0.005
6013.78774 14.665 0.005
6013.82882 14.663 0.005
6013.88988 14.670 0.005
6014.72512 14.694 0.005
6014.76470 14.708 0.005
6014.80293 14.716 0.005
6014.86309 14.719 0.005
6014.90222 14.727 0.005
6015.74173 14.752 0.005
6015.78116 14.771 0.005
6015.81988 14.765 0.005
6015.86903 14.778 0.005
6015.91099 14.770 0.005
6016.75306 14.804 0.005
6016.79286 14.816 0.005
6016.83297 14.821 0.005
6016.89631 14.822 0.005
6017.72819 14.839 0.005
6017.76651 14.871 0.005
6017.80466 14.848 0.005
6017.84410 14.860 0.005
6017.90177 14.862 0.005
6018.79345 14.881 0.005
6018.83329 14.886 0.005
6018.87509 14.888 0.005
6019.73009 14.900 0.005
6019.76862 14.905 0.005
6019.82724 14.914 0.005
6019.86514 14.909 0.005
6019.90363 14.915 0.005
6020.71376 14.919 0.005
6020.75257 14.929 0.005
6020.80862 14.923 0.005
6020.84686 14.928 0.005
6020.88607 14.929 0.005
6020.92697 14.935 0.005
6021.73521 14.933 0.005
6021.77426 14.909 0.005
6021.81237 14.944 0.005
6021.85170 14.940 0.005
6021.90979 14.942 0.005
6022.72284 14.944 0.005
6022.76097 14.945 0.005
6022.79928 14.945 0.005
6022.85665 14.946 0.005
6022.89656 14.948 0.005
6023.71586 14.949 0.005
6023.75598 14.953 0.005
6023.79648 14.955 0.005
6023.83757 14.970 0.005
6023.89993 14.958 0.005
6024.71051 14.954 0.005
6024.75080 14.963 0.005
6024.78985 14.963 0.005
6024.85230 14.972 0.005
6024.90213 14.971 0.005
6025.69862 14.966 0.005
6025.74023 14.963 0.005
6025.77820 14.968 0.005
6025.82026 14.969 0.005
6025.88224 14.974 0.005
6031.77899 14.910 0.005
6031.81839 14.912 0.005
6031.85963 14.918 0.005
6031.91085 14.916 0.005
6032.69504 14.902 0.005
6032.73535 14.891 0.005
6032.78336 14.897 0.005
6032.83160 14.890 0.005
6032.87482 14.888 0.005
6032.91564 14.900 0.005
6033.70795 14.876 0.005
6033.75636 14.872 0.005
6033.81287 14.875 0.005
6033.86699 14.864 0.005
6033.90886 14.864 0.005
6034.70433 14.844 0.005
6034.75275 14.836 0.005
6034.79663 14.845 0.005
6034.85934 14.847 0.005
6034.89729 14.848 0.005
6035.83851 14.823 0.005
6035.89607 14.815 0.005
6036.69985 14.783 0.005
6036.74219 14.787 0.005
6036.79410 14.789 0.005
6036.81917 14.787 0.005
6036.86386 14.789 0.005
6036.91903 14.786 0.005
6037.72675 14.756 0.005
6037.76810 14.753 0.005
6037.82171 14.763 0.005
6037.88244 14.751 0.005
6037.92202 14.758 0.005
6038.73700 14.712 0.005
6038.77720 14.714 0.005
6038.82151 14.716 0.005
6038.84429 14.717 0.005
6038.86329 14.716 0.005
6038.87117 14.716 0.005
6038.88764 14.718 0.005
6038.90683 14.714 0.005
6038.93113 14.706 0.005
6039.75798 14.678 0.005
6039.80463 14.672 0.005
6039.86624 14.674 0.005
6039.90939 14.673 0.005
6040.73712 14.636 0.005
6040.77806 14.626 0.005
6040.81819 14.625 0.005
6040.88287 14.626 0.005
6040.92135 14.620 0.005
6041.72484 14.572 0.005
6041.77008 14.574 0.005
6041.82186 14.573 0.005
6041.87463 14.578 0.005
6041.91483 14.572 0.005
6045.90891 14.286 0.005
6046.87926 14.229 0.005
6046.91993 14.219 0.005
6047.69443 14.164 0.005
6047.73207 14.161 0.005
6047.77241 14.168 0.005
6047.82272 14.168 0.005
6047.88552 14.171 0.005
6047.92615 14.162 0.005
6048.71068 14.105 0.005
6048.76282 14.103 0.005
6048.81199 14.099 0.005
6048.85515 14.100 0.005
6048.90115 14.100 0.005
6049.67944 14.035 0.005
6049.73237 14.049 0.005
6049.78288 14.054 0.005
6049.83115 14.054 0.005
6049.87392 14.043 0.005
6049.91300 14.054 0.005
6050.66929 13.989 0.005
6050.70759 13.988 0.005
6050.76791 13.993 0.005
6050.81769 13.993 0.005
6050.85728 13.989 0.005
6050.89621 13.996 0.005
6050.93488 13.994 0.005
6051.72778 13.938 0.005
6052.65385 13.893 0.005
6052.69203 13.892 0.005
6052.74963 13.889 0.005
6052.78845 13.898 0.005
6052.82900 13.897 0.005
6052.86827 13.894 0.005
6052.90714 13.901 0.005
6053.64944 13.849 0.005
6053.68554 13.841 0.005
6053.72346 13.859 0.005
6053.78032 13.854 0.005
6053.83321 13.855 0.005
6053.87593 13.851 0.005
6053.91575 13.852 0.005
6054.87758 13.819 0.005
6054.90900 13.807 0.005
6057.67568 13.668 0.005
6057.73767 13.684 0.005
6057.77095 13.677 0.005
6057.80863 13.682 0.005
6057.83599 13.686 0.005
6057.86889 13.678 0.005
6057.90032 13.671 0.005
6057.91532 13.677 0.005
6057.93359 13.676 0.005
6058.69148 13.640 0.005
6058.73176 13.662 0.005
6058.76944 13.641 0.005
6058.81897 13.646 0.005
6058.86220 13.649 0.005
6058.90187 13.643 0.005
6059.66787 13.593 0.005
6059.70838 13.598 0.005
6059.74636 13.602 0.005
6059.78522 13.611 0.005
6059.84524 13.607 0.005
6059.88426 13.610 0.005
6059.92314 13.609 0.005
6060.79247 13.591 0.005
6061.68496 13.557 0.005
6061.72331 13.560 0.005
6061.78288 13.565 0.005
6061.82466 13.567 0.005
6061.86277 13.562 0.005
6061.90106 13.562 0.005
6061.93984 13.553 0.005
6062.68267 13.533 0.005
6062.72191 13.536 0.005
6062.76077 13.544 0.005
6062.82215 13.550 0.005
6062.86170 13.549 0.005
6062.89971 13.549 0.005
6062.93758 13.539 0.005
6063.79133 13.570 0.005
6063.83054 13.552 0.005
6063.87928 13.523 0.005
6063.92690 13.520 0.005
6064.71484 13.513 0.005
6064.75335 13.525 0.005
6064.81776 13.518 0.005
6064.85745 13.509 0.005
6064.89917 13.509 0.005
6064.93765 13.512 0.005
6065.64807 13.506 0.005
6065.68656 13.504 0.005
6065.73449 13.506 0.005
6065.78638 13.506 0.005
6065.82702 13.505 0.005
6066.61083 13.474 0.005
6066.65039 13.465 0.005
6066.68847 13.477 0.005
6066.72655 13.484 0.005
6066.79154 13.479 0.005
6066.83121 13.480 0.005
6066.87357 13.484 0.005
6066.91186 13.488 0.005
6067.59552 13.461 0.005
6067.63470 13.460 0.005
6067.67549 13.464 0.005
6067.71384 13.471 0.005
6067.76281 13.472 0.005
6067.81427 13.476 0.005
6067.85354 13.477 0.005
6067.89139 13.460 0.005
6067.92923 13.462 0.005
6068.63092 13.441 0.005
6068.68154 13.450 0.005
6068.72844 13.459 0.005
6068.79649 13.448 0.005
6068.85485 13.446 0.005
6068.89957 13.446 0.005
6069.61904 13.418 0.005
6069.67761 13.417 0.005
6069.71933 13.418 0.005
6069.77089 13.424 0.005
6069.82602 13.425 0.005
6069.86854 13.427 0.005
6069.90673 13.434 0.005
6070.58847 13.421 0.005
6070.62702 13.413 0.005
6070.66515 13.399 0.005
6070.70499 13.408 0.005
6070.74295 13.399 0.005
6070.80350 13.403 0.005
6070.84172 13.404 0.005
6070.88197 13.401 0.005
6070.92139 13.408 0.005
6071.58720 13.378 0.005
6071.62706 13.392 0.005
6071.66796 13.395 0.005
6071.70569 13.397 0.005
6071.75352 13.398 0.005
6071.80808 13.403 0.005
6071.84759 13.396 0.005
6071.88576 13.389 0.005
6071.92355 13.436 0.005
6075.62076 13.439 0.005
6075.65919 13.437 0.005
6075.70061 13.434 0.005
6075.75382 13.448 0.005
6075.80315 13.446 0.005
6075.84235 13.455 0.005
6076.57402 13.432 0.005
6076.61218 13.427 0.005
6076.65384 13.435 0.005
6076.70048 13.453 0.005
6076.75756 13.459 0.005
6076.79706 13.447 0.005
6076.83542 13.456 0.005
6076.88479 13.431 0.005
6076.93036 13.453 0.005
6077.71124 13.478 0.005
6077.77380 13.469 0.005
6077.83142 13.488 0.005
6077.87163 13.485 0.005
6077.91304 13.481 0.005
6078.59573 13.505 0.005
6078.63333 13.512 0.005
6078.67185 13.530 0.005
6078.72156 13.514 0.005
6078.77432 13.528 0.005
6078.81430 13.527 0.005
6078.85760 13.518 0.005
6078.89649 13.538 0.005
6079.56099 13.539 0.005
6079.60025 13.546 0.005
6079.63798 13.548 0.005
6079.67893 13.554 0.005
6079.73869 13.559 0.005
6079.79019 13.558 0.005
6079.84137 13.553 0.005
6079.87941 13.560 0.005
6079.91920 13.537 0.005
6080.57045 13.566 0.005
6080.60841 13.570 0.005
6080.64669 13.576 0.005
6080.69336 13.580 0.005
6080.73511 13.581 0.005
6080.77584 13.577 0.005
6080.82406 13.576 0.005
6080.87179 13.574 0.005
6080.91651 13.575 0.005
6081.56607 13.607 0.005
6081.60402 13.618 0.005
6081.64343 13.624 0.005
6081.68286 13.617 0.005
6081.72837 13.630 0.005
6081.77738 13.625 0.005
6081.82578 13.616 0.005
6081.86596 13.623 0.005
6081.91408 13.621 0.005
6082.59610 13.669 0.005
6082.63483 13.676 0.005
6082.67447 13.688 0.005
6082.72461 13.675 0.005
6082.80194 13.679 0.005
6082.84000 13.675 0.005
6082.87699 13.673 0.005
6085.56050 13.807 0.005
6085.59952 13.815 0.005
6085.64914 13.810 0.005
6085.68396 13.822 0.005
6085.73354 13.823 0.005
6085.77297 13.830 0.005
6085.81137 13.830 0.005
6085.85015 13.833 0.005
6085.88975 13.839 0.005
6085.93072 13.832 0.005
6086.58483 13.866 0.005
6086.62316 13.871 0.005
6086.66613 13.884 0.005
6086.71502 13.883 0.005
6086.76854 13.889 0.005
6086.80844 13.887 0.005
6086.85697 13.895 0.005
6086.89838 13.902 0.005
6087.74567 13.950 0.005
6087.80687 13.943 0.005
6087.84656 13.950 0.005
6088.57435 13.985 0.005
6088.61204 13.997 0.005
6088.65049 13.997 0.005
6088.68861 14.006 0.005
6089.65481 14.064 0.005
6089.69308 14.070 0.005
6089.76422 14.073 0.005
6089.80469 14.071 0.005
6089.87107 14.084 0.005
6092.57268 14.266 0.005
6092.61074 14.267 0.005
6092.65087 14.280 0.005
6092.76832 14.282 0.005
6092.84401 14.279 0.005
6092.89558 14.301 0.005
6093.56313 14.334 0.005
6093.60495 14.338 0.005
6093.64282 14.339 0.005
6093.69077 14.345 0.005
6093.76569 14.350 0.005
6093.80339 14.363 0.005
6093.84320 14.374 0.005
6094.55448 14.414 0.005
6094.61659 14.418 0.005
6094.65420 14.423 0.005
6094.69197 14.419 0.005
6094.75117 14.424 0.005
6094.78878 14.428 0.005
6094.82878 14.440 0.005
6094.87510 14.442 0.005
6096.57472 14.562 0.005
6096.61604 14.572 0.005
6096.66119 14.573 0.005
6096.72298 14.586 0.005
6096.73579 14.586 0.005
6096.77507 14.589 0.005
6096.81434 14.584 0.005
6096.85520 14.597 0.005
6096.89609 14.589 0.005
6097.70983 14.674 0.005
6097.76287 14.667 0.005
6097.80069 14.683 0.005
6097.83824 14.679 0.005
6097.87867 14.677 0.005
6098.54889 14.745 0.005
6098.59768 14.750 0.005
6098.63520 14.749 0.005
6098.67363 14.753 0.005
6098.73665 14.762 0.005
6098.77484 14.759 0.005
6098.81591 14.756 0.005
6098.85398 14.753 0.005
6098.89064 14.767 0.005
6099.71225 14.851 0.005
6099.77900 14.857 0.005
6100.52687 14.923 0.005
6100.58491 14.938 0.005
6100.62240 14.937 0.005
6100.66953 14.936 0.005
6100.72090 14.950 0.005
6100.75930 14.949 0.005
6100.80701 14.963 0.005
6100.84769 14.968 0.005
6100.88784 14.958 0.005
6101.52362 15.022 0.005
6101.56160 15.030 0.005
6101.59912 15.035 0.005
6101.63745 15.033 0.005
6101.67723 15.043 0.005
6101.73913 15.044 0.005
6101.77795 15.048 0.005
6101.82121 15.049 0.005
6101.86417 15.056 0.005
6102.52595 15.126 0.005
6102.56336 15.122 0.005
6102.62087 15.126 0.005
6102.66025 15.138 0.005
6102.70079 15.140 0.005
6102.73895 15.132 0.005
6102.77775 15.137 0.005
6102.81828 15.150 0.005
6102.85846 15.138 0.005
6103.48721 15.201 0.005
6103.53018 15.206 0.005
6103.57029 15.225 0.005
6103.61041 15.226 0.005
6103.66877 15.231 0.005
6103.70913 15.233 0.005
6103.74933 15.237 0.005
6103.81543 15.233 0.005
6104.48803 15.315 0.005
6104.53083 15.316 0.005
6104.56889 15.315 0.005
6104.65323 15.332 0.005
6104.69371 15.332 0.005
6104.73395 15.328 0.005
6104.77258 15.338 0.005
6104.81390 15.329 0.005
6104.86256 15.345 0.006
6105.50824 15.404 0.006
6105.54129 15.411 0.005
6105.58159 15.417 0.006
6105.65113 15.425 0.005
6105.69326 15.416 0.005
6105.73288 15.439 0.005
6105.77256 15.413 0.006
6106.63688 15.522 0.006
6108.50351 15.691 0.007
6108.54090 15.711 0.007
6108.57992 15.709 0.006
6108.63345 15.714 0.006
6108.68670 15.726 0.006
6108.72626 15.715 0.006
6108.76571 15.726 0.006
6108.80892 15.727 0.006
6108.84646 15.734 0.006
6109.69279 15.824 0.007
6109.72944 15.805 0.007
6109.76712 15.819 0.008
6109.81035 15.812 0.007
6109.85015 15.801 0.007
6113.54802 16.095 0.008
6113.59036 16.117 0.008
6113.62822 16.111 0.008
6113.67022 16.098 0.008
6113.71012 16.116 0.007
6113.74867 16.123 0.008
6113.78640 16.132 0.008
6113.82544 16.139 0.008
6114.56088 16.122 0.008
6114.59852 16.164 0.008
6114.63707 16.178 0.008
6114.68492 16.179 0.008
6114.73244 16.178 0.008
6114.77013 16.180 0.008
6114.80904 16.199 0.008
6114.85048 16.176 0.008
6115.49651 16.234 0.008
6115.53490 16.234 0.008
6115.57256 16.236 0.008
6115.63228 16.259 0.008
6115.68508 16.206 0.008
6115.75025 16.252 0.008
6115.80225 16.246 0.008
6116.49403 16.285 0.007
6116.53548 16.280 0.007
6116.57638 16.275 0.007
6116.62364 16.278 0.007
6116.67277 16.251 0.008
6116.71437 16.284 0.008
6116.75742 16.293 0.008
6116.79852 16.275 0.008
6116.83070 16.277 0.008
6117.51570 16.301 0.008
6117.55330 16.308 0.008
6117.59173 16.315 0.007
6117.65399 16.305 0.008
6117.69359 16.310 0.008
6117.73205 16.312 0.008
6117.77126 16.322 0.008
6117.80885 16.296 0.008
6117.84065 16.301 0.008
6118.50595 16.338 0.008
6118.54499 16.336 0.007
6118.58467 16.330 0.007
6118.64072 16.331 0.007
6118.69452 16.324 0.007
6118.73356 16.331 0.007
6118.77088 16.325 0.008
6118.80839 16.320 0.008
6119.49411 16.298 0.009
6119.53550 16.324 0.008
6119.57427 16.308 0.008
6119.63039 16.347 0.008
6119.67363 16.350 0.008
6119.71164 16.321 0.008
6119.73884 16.331 0.008
6119.77848 16.305 0.008
6119.81558 16.316 0.007
6120.52224 16.275 0.008
6120.56171 16.275 0.008
6120.62763 16.293 0.008
6120.67804 16.328 0.008
6120.71713 16.292 0.008
6120.75952 16.303 0.008
6120.80421 16.302 0.008
6121.47665 16.341 0.007
6121.51401 16.313 0.007
6121.55178 16.323 0.007
6121.60432 16.339 0.007
6121.65683 16.317 0.007
6121.72093 16.322 0.007
6121.75906 16.323 0.007
6123.52662 16.222 0.008
6123.56507 16.250 0.008
6123.61236 16.231 0.008
6123.66401 16.236 0.007
6123.70291 16.231 0.008
6123.74115 16.209 0.008
6123.78168 16.233 0.007
6123.81651 16.222 0.008
6124.51123 16.145 0.008
6124.55751 16.138 0.007
6124.64087 16.132 0.007
6124.68221 16.145 0.007
6124.72152 16.168 0.007
6124.76362 16.159 0.008
6124.80258 16.148 0.007
6125.51093 16.087 0.008
6125.52385 16.100 0.007
6125.57061 16.041 0.007
6125.63986 16.082 0.007
6125.68440 16.071 0.007
6125.72605 16.073 0.007
6125.77164 16.074 0.007
6125.81308 16.077 0.007
6126.50818 16.012 0.007
6126.55691 16.000 0.007
6126.60318 15.992 0.007
6126.67537 15.993 0.007
6126.71928 16.001 0.007
6126.77023 15.991 0.007
6127.50415 15.931 0.007
6127.54620 15.886 0.007
6127.63423 15.903 0.007
6127.73694 15.886 0.007
6128.51291 15.827 0.006
6128.55561 15.827 0.006
6128.59940 15.826 0.006
6128.64538 15.812 0.006
6128.70127 15.812 0.006
6130.55043 15.601 0.006
6130.74120 15.585 0.006
6131.53226 15.491 0.006
6131.58529 15.499 0.005
6131.64710 15.486 0.005
6131.69335 15.492 0.005
6131.76665 15.470 0.005
6132.53928 15.392 0.006
6132.62225 15.379 0.006
6132.67232 15.378 0.006
6132.71699 15.372 0.005
6132.79621 15.363 0.006
6133.56463 15.305 0.005
6133.61532 15.305 0.005
6133.67649 15.297 0.005
6133.72188 15.293 0.005
6133.77095 15.281 0.005
6134.53566 15.239 0.005
6134.57600 15.218 0.006
6134.62944 15.232 0.005
6134.68699 15.207 0.006
6135.51778 15.175 0.005
6135.56187 15.166 0.005
6135.63797 15.154 0.005
6135.68909 15.154 0.005
6135.74069 15.149 0.005
6135.77972 15.132 0.005
6136.48545 15.099 0.005
6136.60941 15.099 0.006
6136.66847 15.093 0.005
6140.47909 14.891 0.005
6140.51859 14.894 0.005
6140.56671 14.885 0.005
6140.61969 14.898 0.005
6140.65890 14.888 0.005
6140.69831 14.884 0.005
6140.74010 14.888 0.006
6141.50615 14.862 0.005
6141.54379 14.862 0.005
6141.59441 14.867 0.005
6141.64164 14.862 0.005
6141.67932 14.859 0.005
6141.72033 14.855 0.005
6141.76057 14.848 0.005
6142.48746 14.844 0.005
6142.54979 14.843 0.005
6143.53442 14.812 0.005
6147.52774 14.759 0.005
6147.57851 14.761 0.005
6147.61979 14.765 0.005
6147.67717 14.758 0.005
6147.71511 14.767 0.005
6148.50923 14.747 0.005
6148.55855 14.745 0.005
6148.61166 14.751 0.005
6148.65115 14.755 0.005
6148.69655 14.750 0.005
6149.57931 14.745 0.005
6149.61784 14.751 0.005
6150.50138 14.751 0.005
6150.54943 14.737 0.005
6150.60089 14.751 0.005
6150.65132 14.743 0.005
6151.48529 14.736 0.005
6151.55404 14.737 0.005
6151.59516 14.737 0.005
6151.63405 14.735 0.005
6151.67494 14.739 0.005
6151.71490 14.731 0.005
6152.48456 14.713 0.005
6152.52415 14.710 0.005
6152.56465 14.709 0.005
6152.62907 14.714 0.005
6152.66847 14.718 0.005
6153.72084 14.696 0.005
6154.51275 14.671 0.005
6154.55388 14.661 0.005
6154.63330 14.656 0.005
6154.70535 14.663 0.005
6157.66180 14.527 0.005
6157.70380 14.541 0.005
6158.50191 14.479 0.005
6158.55201 14.478 0.005
6158.60366 14.477 0.005
6158.64424 14.472 0.005
6158.68401 14.482 0.005
6158.72071 14.468 0.005
6159.50818 14.442 0.005
6159.56322 14.437 0.005
6159.61550 14.429 0.005
6159.68545 14.434 0.005
6160.48976 14.375 0.005
6160.54551 14.385 0.005
6160.55947 14.369 0.005
6160.60512 14.370 0.005
6160.64668 14.365 0.005
6160.68518 14.372 0.005
6160.69792 14.366 0.005
6161.48886 14.336 0.005
6161.52915 14.346 0.005
6161.56893 14.333 0.005
6161.62882 14.321 0.005
6161.69222 14.318 0.005
6164.50663 14.163 0.005
6164.57073 14.162 0.005
6164.60389 14.158 0.005
6166.57457 14.061 0.005
6166.63388 14.065 0.005
6167.51280 14.023 0.005
6167.55095 14.025 0.005
6167.60465 14.025 0.005
6167.65442 14.021 0.005
6168.49379 13.993 0.005
6168.56345 13.974 0.005
6168.61614 13.983 0.005
6168.67226 13.970 0.005
6169.49328 13.955 0.005
6169.54338 13.960 0.005
6169.59401 13.964 0.005
6169.63415 13.963 0.005
6169.67710 13.946 0.005
6171.49506 13.932 0.005
6171.54908 13.922 0.005
6171.59847 13.926 0.005
6171.63837 13.917 0.005
6171.68664 13.912 0.005
6172.50781 13.930 0.005
6172.55782 13.929 0.005
6172.60828 13.928 0.005
6172.64669 13.919 0.005
6174.57997 13.916 0.005
6174.64639 13.904 0.005
6175.51993 13.901 0.005
6175.55804 13.908 0.005
6175.59667 13.897 0.005
6175.63797 13.900 0.005
6175.67185 13.892 0.005
6179.52504 13.967 0.005
6179.57124 13.980 0.005
6179.61464 13.983 0.005
6179.65365 13.984 0.005
6180.50559 14.003 0.005
6180.55968 14.016 0.005
6180.60045 14.006 0.005
6180.63856 14.008 0.005
6180.67028 14.074 0.005
6181.52031 14.045 0.005
6181.55833 14.044 0.005
6181.60075 14.045 0.005
6181.63901 14.042 0.005
6182.52178 14.084 0.005
6182.56632 14.087 0.005
6182.61052 14.090 0.005
6182.65276 14.095 0.005
6183.50191 14.154 0.005
6183.60473 14.147 0.005
6184.48395 14.190 0.005
6184.55653 14.205 0.005
6184.60557 14.192 0.005
6184.64621 14.195 0.005
6185.50672 14.257 0.005
6185.56545 14.262 0.005
6185.60826 14.257 0.005
6186.48089 14.328 0.005
6186.53787 14.325 0.005
6186.57657 14.328 0.005
6187.53731 14.395 0.005
6190.51656 14.613 0.005
6190.57414 14.621 0.005
6190.61404 14.620 0.005
6191.51761 14.704 0.005
6191.56950 14.711 0.005
6191.61172 14.699 0.005
6195.49362 15.065 0.005
6195.54586 15.073 0.005
6195.58400 15.067 0.005
6195.62159 15.062 0.005
6196.49437 15.155 0.005
6196.54270 15.173 0.005
6196.58165 15.165 0.005
6196.62165 15.160 0.006
6197.49621 15.253 0.006
6197.54439 15.261 0.005
6197.58443 15.262 0.005
6198.55053 15.356 0.006
6199.51468 15.453 0.007
6200.58592 15.557 0.006
6201.52575 15.634 0.008
6202.56318 15.711 0.007
6203.50204 15.809 0.008
6203.55413 15.828 0.007
6203.59279 15.828 0.008
6204.50088 15.922 0.007
6204.51497 15.936 0.007
6204.54614 15.914 0.007
6204.58425 15.910 0.008
6205.48733 15.997 0.008
6205.53043 16.009 0.007
6205.56848 16.001 0.007
6205.60474 15.996 0.007
6209.54934 16.246 0.009
6210.50140 16.336 0.008
6210.53977 16.366 0.008
6210.57862 16.401 0.008
6211.50317 16.396 0.008
6211.54552 16.397 0.008
6211.58399 16.387 0.008
6212.50262 16.447 0.008
6212.54102 16.458 0.008
6212.57809 16.459 0.008
6213.51767 16.440 0.008
6213.55548 16.444 0.009
6214.50952 16.486 0.008
6214.55088 16.478 0.010
6216.51328 16.512 0.009
6216.55226 16.536 0.009
6216.57500 16.537 0.009
6217.50806 16.549 0.008
6217.54594 16.541 0.008
6217.58282 16.526 0.009
6218.52097 16.509 0.009
6218.55951 16.513 0.009
6219.50151 16.493 0.009
6219.53963 16.453 0.008
6221.51427 16.427 0.013
6223.54546 16.316 0.009
6226.52837 16.050 0.008
6231.50129 15.508 0.007
6232.50243 15.401 0.006
6233.53144 15.307 0.006
6234.52549 15.208 0.006
6238.52114 14.877 0.005
6239.52285 14.803 0.005
6326.87377 14.434 0.005
6329.86998 14.166 0.005
6329.87295 14.162 0.005
6334.87206 13.816 0.005
6335.84695 13.736 0.005
6337.86345 13.600 0.005
6338.84197 13.557 0.005
6338.88377 13.555 0.005
6339.85982 13.511 0.005
6340.83951 13.478 0.005
6341.87703 13.466 0.005
6343.84039 13.428 0.005
6344.84181 13.420 0.005
6344.88225 13.426 0.005
6345.84772 13.418 0.005
6345.89527 13.425 0.005
6347.85424 13.421 0.005
6347.89260 13.409 0.005
6348.84525 13.417 0.005
6348.88967 13.421 0.005
6350.84491 13.454 0.005
6350.89371 13.464 0.005
6351.84813 13.483 0.005
6351.89988 13.485 0.005
6352.84782 13.504 0.005
6352.89105 13.504 0.005
6353.82289 13.539 0.005
6353.87971 13.556 0.005
6354.85287 13.586 0.005
6358.85699 13.705 0.005
6360.81749 13.753 0.005
6360.86497 13.764 0.005
6361.80255 13.779 0.005
6361.84039 13.788 0.005
6361.88135 13.798 0.005
6362.81342 13.803 0.005
6362.86425 13.814 0.005
6362.87701 13.817 0.005
6363.79431 13.828 0.005
6363.83418 13.841 0.005
6363.89250 13.833 0.005
6367.85312 13.955 0.005
6367.89153 13.949 0.005
6368.78946 13.986 0.005
6368.84269 13.994 0.005
6368.88245 13.990 0.005
6369.76922 14.011 0.005
6369.80953 14.016 0.005
6369.86140 14.030 0.005
6369.90774 14.026 0.005
6370.79023 14.048 0.005
6370.83945 14.052 0.005
6370.88226 14.058 0.005
6371.76434 14.086 0.005
6371.80374 14.084 0.005
6371.85250 14.090 0.005
6371.89354 14.089 0.005
6372.75657 14.108 0.005
6372.80604 14.113 0.005
6372.84529 14.134 0.005
6372.88513 14.121 0.005
6373.75655 14.154 0.005
6373.80159 14.171 0.005
6373.85075 14.167 0.005
6373.89052 14.162 0.005
6374.75499 14.198 0.005
6374.79642 14.205 0.005
6374.84594 14.214 0.005
6374.88556 14.203 0.005
6375.75402 14.241 0.005
6375.79294 14.260 0.005
6375.86062 14.259 0.005
6375.90176 14.269 0.005
6376.76481 14.290 0.005
6376.81658 14.300 0.005
6376.85653 14.299 0.005
6376.89859 14.307 0.005
6377.77877 14.321 0.005
6377.82887 14.343 0.005
6377.86862 14.343 0.005
6377.91110 14.352 0.005
6378.77520 14.366 0.005
6378.82430 14.386 0.005
6378.86548 14.381 0.005
6378.90491 14.387 0.005
6379.76040 14.414 0.005
6379.80889 14.423 0.005
6379.84858 14.428 0.005
6379.89491 14.431 0.005
6380.74953 14.448 0.005
6380.78855 14.455 0.005
6380.85151 14.458 0.005
6380.89241 14.465 0.005
6381.75189 14.486 0.005
6381.79701 14.495 0.005
6381.84565 14.500 0.005
6381.88490 14.515 0.005
6382.74966 14.519 0.005
6382.79068 14.531 0.005
6382.82987 14.538 0.005
6382.87020 14.534 0.005
6386.74530 14.695 0.005
6386.78368 14.698 0.005
6386.84016 14.695 0.005
6386.88878 14.701 0.005
6387.71466 14.732 0.005
6387.75826 14.733 0.005
6387.80000 14.741 0.005
6387.84122 14.740 0.005
6387.87907 14.738 0.005
6388.71805 14.779 0.005
6388.78067 14.791 0.005
6388.81976 14.788 0.005
6388.88837 14.794 0.005
6389.70645 14.816 0.005
6389.74813 14.834 0.005
6389.80042 14.840 0.005
6389.83722 14.839 0.005
6389.87583 14.835 0.005
6389.92003 14.828 0.005
6390.74141 14.882 0.005
6390.78342 14.889 0.005
6390.82439 14.883 0.005
6390.86788 14.884 0.005
6390.91476 14.877 0.005
6391.70293 14.914 0.005
6391.74357 14.919 0.005
6391.79456 14.920 0.005
6391.84661 14.925 0.005
6391.88931 14.905 0.005
6393.72542 15.009 0.005
6393.77809 15.003 0.005
6393.82932 15.002 0.005
6393.87053 14.994 0.005
6394.73214 15.028 0.005
6394.78485 15.043 0.005
6394.83228 15.023 0.005
6394.87162 15.028 0.005
6395.69602 15.057 0.005
6395.73649 15.055 0.005
6395.79511 15.062 0.005
6395.83416 15.069 0.005
6395.87406 15.064 0.005
6395.91877 15.072 0.005
6396.72116 15.082 0.005
6396.76800 15.091 0.005
6396.81805 15.100 0.005
6396.86076 15.100 0.005
6396.90268 15.101 0.005
6397.69649 15.114 0.005
6397.73422 15.116 0.005
6397.78512 15.114 0.005
6397.83384 15.124 0.005
6397.87178 15.128 0.005
6397.91089 15.122 0.005
6398.70315 15.149 0.005
6398.75150 15.145 0.005
6398.80340 15.146 0.005
6398.84160 15.146 0.005
6398.88384 15.146 0.005
6398.92230 15.147 0.005
6399.70973 15.152 0.005
6399.74801 15.160 0.005
6399.80525 15.156 0.005
6399.84394 15.153 0.005
6399.89021 15.166 0.005
6400.70237 15.162 0.005
6400.74694 15.173 0.005
6400.81310 15.178 0.005
6400.86851 15.179 0.005
6400.91354 15.171 0.005
6401.70946 15.163 0.005
6401.75652 15.171 0.005
6401.80748 15.183 0.005
6401.84597 15.187 0.005
6401.88779 15.186 0.005
6401.92570 15.177 0.005
6402.71887 15.187 0.005
6402.76613 15.181 0.005
6402.81304 15.188 0.005
6402.85321 15.186 0.005
6402.89435 15.197 0.006
6403.68468 15.184 0.005
6403.72225 15.187 0.005
6403.75980 15.189 0.005
6403.80830 15.185 0.005
6403.84661 15.188 0.005
6403.90197 15.194 0.005
6404.69397 15.183 0.005
6404.74335 15.191 0.005
6404.79222 15.189 0.005
6404.83106 15.175 0.005
6404.87058 15.181 0.005
6404.92291 15.177 0.005
6405.81513 15.170 0.005
6405.87474 15.176 0.005
6405.91582 15.178 0.005
6406.77633 15.161 0.005
6406.83895 15.166 0.005
6406.89480 15.162 0.005
6406.93573 15.150 0.005
6407.71314 15.138 0.005
6407.75107 15.139 0.005
6407.78911 15.137 0.005
6407.83878 15.137 0.005
6407.87871 15.151 0.005
6407.92686 15.136 0.005
6408.74362 15.107 0.005
6408.78299 15.114 0.005
6408.82353 15.103 0.005
6409.79682 15.077 0.005
6409.84245 15.059 0.005
6409.89666 15.065 0.005
6409.93456 15.059 0.005
6415.72380 14.754 0.005
6415.77511 14.750 0.005
6415.81559 14.743 0.005
6415.86798 14.746 0.005
6415.91680 14.730 0.005
6416.65717 14.695 0.005
6416.70230 14.694 0.005
6416.76544 14.692 0.005
6416.81286 14.683 0.005
6416.86909 14.691 0.005
6416.91876 14.688 0.005
6417.69004 14.639 0.005
6417.72813 14.632 0.005
6417.76563 14.636 0.005
6417.81330 14.630 0.005
6417.85381 14.641 0.005
6417.90268 14.635 0.005
6418.63240 14.587 0.005
6418.67321 14.590 0.005
6418.71069 14.572 0.005
6418.74827 14.591 0.005
6418.78607 14.585 0.005
6418.83705 14.585 0.005
6418.87522 14.581 0.005
6418.92277 14.576 0.005
6419.67431 14.547 0.005
6419.72219 14.539 0.005
6419.76042 14.533 0.005
6419.80950 14.534 0.005
6419.85088 14.532 0.005
6419.89804 14.528 0.005
6420.62653 14.479 0.005
6420.66425 14.485 0.005
6420.70195 14.479 0.005
6420.73969 14.485 0.005
6420.77561 14.484 0.005
6420.83592 14.474 0.005
6420.87482 14.471 0.005
6420.92331 14.472 0.005
6421.80405 14.406 0.005
6421.84432 14.407 0.005
6421.91813 14.397 0.005
6422.70363 14.343 0.005
6422.74802 14.345 0.005
6422.78581 14.343 0.005
6422.91062 14.343 0.005
6423.66179 14.275 0.005
6423.70739 14.294 0.005
6423.77806 14.280 0.005
6423.82738 14.281 0.005
6423.86568 14.269 0.005
6423.90427 14.269 0.005
6424.62554 14.207 0.005
6424.66653 14.206 0.005
6424.71625 14.223 0.005
6424.76639 14.204 0.005
6424.81947 14.205 0.005
6424.86107 14.198 0.005
6424.91523 14.198 0.005
6426.61375 14.067 0.005
6426.65445 14.068 0.005
6426.73382 14.071 0.005
6426.80215 14.068 0.005
6426.85383 14.073 0.005
6426.89494 14.061 0.005
6426.93559 14.055 0.005
6427.89223 13.999 0.005
6428.61560 13.949 0.005
6428.65681 13.968 0.005
6428.70652 13.964 0.005
6428.74780 13.949 0.005
6428.81028 13.946 0.005
6428.85360 13.942 0.005
6428.89473 13.938 0.005
6428.93555 13.959 0.005
6431.61061 13.823 0.005
6431.65507 13.830 0.005
6431.69527 13.817 0.005
6431.74630 13.812 0.005
6431.79916 13.809 0.005
6431.83959 13.801 0.005
6431.87984 13.798 0.005
6431.92038 13.801 0.005
6432.63139 13.784 0.005
6432.67890 13.783 0.005
6432.72967 13.780 0.005
6432.77957 13.773 0.005
6432.82098 13.772 0.005
6432.86155 13.777 0.005
6432.90204 13.780 0.005
6432.94431 13.763 0.005
6433.62543 13.766 0.005
6433.66584 13.747 0.005
6433.70654 13.756 0.005
6433.76699 13.758 0.005
6433.81565 13.745 0.005
6433.86522 13.749 0.005
6434.61550 13.723 0.005
6434.65578 13.726 0.005
6434.69801 13.726 0.005
6434.74752 13.724 0.005
6434.79914 13.718 0.005
6434.84044 13.717 0.005
6434.88836 13.718 0.005
6434.93397 13.719 0.005
6435.59547 13.705 0.005
6435.64615 13.700 0.005
6435.68617 13.703 0.005
6435.73857 13.698 0.005
6435.78952 13.703 0.005
6435.83173 13.700 0.005
6435.87548 13.692 0.005
6435.91744 13.688 0.005
6436.59038 13.668 0.005
6436.63216 13.671 0.005
6436.67518 13.671 0.005
6436.71686 13.663 0.005
6436.78056 13.675 0.005
6436.82135 13.671 0.005
6436.86312 13.667 0.005
6436.90454 13.670 0.005
6436.94653 13.660 0.005
6437.72025 13.648 0.005
6437.76516 13.652 0.005
6437.79885 13.657 0.005
6437.84041 13.638 0.005
6437.87626 13.644 0.005
6437.91925 13.644 0.005
6441.63885 13.580 0.005
6441.73782 13.571 0.005
6441.79085 13.572 0.005
6441.84282 13.562 0.005
6441.88654 13.573 0.005
6441.92909 13.558 0.005
6442.58250 13.565 0.005
6442.62270 13.567 0.005
6442.66281 13.564 0.005
6442.71248 13.567 0.005
6442.76584 13.573 0.005
6442.80705 13.570 0.005
6442.84701 13.565 0.005
6442.88692 13.565 0.005
6442.92668 13.553 0.005
6443.60066 13.575 0.005
6443.69170 13.570 0.005
6443.77505 13.569 0.005
6443.86968 13.563 0.005
6444.67411 13.589 0.005
6444.77593 13.568 0.005
6444.82607 13.559 0.005
6444.86682 13.570 0.005
6444.90900 13.559 0.005
6445.57923 13.586 0.005
6445.62742 13.574 0.005
6445.68572 13.575 0.005
6445.73067 13.574 0.005
6445.78956 13.573 0.005
6445.83515 13.566 0.005
6445.88030 13.576 0.005
6445.92786 13.572 0.005
6446.57258 13.595 0.005
6446.61824 13.595 0.005
6446.65955 13.595 0.005
6446.71125 13.601 0.005
6446.76674 13.603 0.005
6446.80706 13.618 0.005
6446.84964 13.602 0.005
6446.91697 13.590 0.005
6447.55177 13.618 0.005
6447.59441 13.608 0.005
6447.63348 13.613 0.005
6447.67420 13.623 0.005
6447.73400 13.618 0.005
6447.77894 13.625 0.005
6447.82066 13.626 0.005
6447.86078 13.623 0.005
6447.90136 13.619 0.005
6447.94196 13.606 0.005
6448.58326 13.633 0.005
6448.62342 13.638 0.005
6448.66386 13.622 0.005
6448.71452 13.633 0.005
6448.76690 13.628 0.005
6448.80845 13.630 0.005
6448.84987 13.630 0.005
6448.89041 13.632 0.005
6448.93279 13.618 0.005
6449.58249 13.636 0.005
6449.62348 13.639 0.005
6449.66673 13.645 0.005
6449.70705 13.638 0.005
6449.76861 13.654 0.005
6449.80970 13.666 0.005
6449.85057 13.652 0.005
6449.89106 13.659 0.005
6449.93049 13.635 0.005
6450.57566 13.661 0.005
6450.61680 13.664 0.005
6450.65980 13.661 0.005
6450.70890 13.676 0.005
6450.75949 13.672 0.005
6450.80115 13.666 0.005
6450.84194 13.665 0.005
6450.88718 13.664 0.005
6450.93095 13.655 0.005
6451.58003 13.685 0.005
6451.62207 13.681 0.005
6451.66250 13.685 0.005
6451.71446 13.687 0.005
6451.76688 13.687 0.005
6451.80716 13.679 0.005
6451.84811 13.691 0.005
6451.89082 13.707 0.005
6452.54147 13.698 0.005
6452.58258 13.704 0.005
6452.62666 13.721 0.005
6452.66734 13.715 0.005
6452.75855 13.713 0.005
6452.82084 13.712 0.005
6452.86212 13.718 0.005
6452.90510 13.703 0.005
6454.55280 13.795 0.005
6454.59540 13.789 0.005
6454.63625 13.786 0.005
6454.67695 13.785 0.005
6454.73867 13.793 0.005
6454.78010 13.790 0.005
6454.82123 13.798 0.005
6454.86183 13.788 0.005
6454.90269 13.799 0.005
6455.53542 13.828 0.005
6455.59968 13.846 0.005
6455.70380 13.836 0.005
6455.80406 13.842 0.005
6456.56165 13.880 0.005
6456.60240 13.887 0.005
6456.64356 13.886 0.005
6456.69522 13.893 0.005
6456.74750 13.891 0.005
6456.78876 13.890 0.005
6456.82978 13.904 0.005
6456.90525 13.891 0.005
6457.72370 13.950 0.005
6457.77587 13.958 0.005
6457.81725 13.958 0.005
6457.85822 13.953 0.005
6457.89879 13.944 0.005
6458.55935 14.001 0.005
6458.60060 14.006 0.005
6458.64180 14.010 0.005
6458.68240 14.010 0.005
6458.73503 14.018 0.005
6458.78567 14.036 0.005
6458.82652 14.032 0.005
6458.86751 14.016 0.005
6458.90157 14.007 0.005
6459.55267 14.077 0.005
6459.59529 14.090 0.005
6459.63652 14.087 0.005
6459.68832 14.099 0.005
6459.74474 14.094 0.005
6459.78558 14.095 0.005
6459.82630 14.101 0.005
6459.86718 14.092 0.005
6459.89973 14.085 0.005
6460.61123 14.155 0.005
6460.66727 14.166 0.005
6460.75333 14.170 0.005
6460.83860 14.173 0.005
6461.54075 14.235 0.005
6461.58283 14.240 0.005
6461.62390 14.245 0.005
6461.66870 14.246 0.005
6461.72554 14.252 0.005
6461.78690 14.260 0.005
6461.84035 14.265 0.005
6461.89070 14.258 0.005
6462.62356 14.323 0.005
6462.66459 14.330 0.005
6462.80190 14.348 0.005
6462.84314 14.349 0.005
6462.88399 14.347 0.005
6463.51936 14.415 0.005
6463.57643 14.413 0.005
6463.61767 14.425 0.005
6463.65881 14.427 0.005
6463.72646 14.438 0.005
6463.76779 14.443 0.005
6463.80878 14.434 0.005
6463.84968 14.443 0.005
6463.88553 14.433 0.005
6464.58465 14.519 0.005
6464.62588 14.523 0.005
6464.66654 14.536 0.005
6464.72487 14.525 0.005
6464.77622 14.548 0.005
6464.81729 14.541 0.005
6464.85870 14.544 0.005
6468.53154 14.887 0.005
6468.57353 14.898 0.005
6468.61366 14.895 0.005
6468.65480 14.909 0.005
6468.68532 14.908 0.005
6468.72692 14.909 0.005
6468.77743 14.902 0.005
6469.50611 14.981 0.005
6469.55558 14.994 0.005
6469.59578 15.003 0.005
6469.63595 14.998 0.005
6469.70133 15.009 0.005
6469.74292 15.002 0.005
6469.85606 14.998 0.006
6471.62037 15.187 0.005
6472.62108 15.256 0.005
6472.65744 15.261 0.005
6472.71023 15.266 0.005
6472.76188 15.270 0.005
6472.80246 15.273 0.005
6472.84307 15.263 0.005
6473.56285 15.339 0.005
6473.60483 15.344 0.005
6473.64530 15.348 0.005
6473.69789 15.348 0.005
6473.74846 15.359 0.005
6473.78950 15.339 0.005
6473.82972 15.346 0.005
6473.86857 15.345 0.006
6474.50734 15.404 0.006
6474.55179 15.396 0.006
6474.59701 15.417 0.005
6474.63739 15.414 0.005
6474.68133 15.410 0.005
6474.73314 15.424 0.005
6474.78270 15.417 0.005
6474.82308 15.413 0.006
6474.86341 15.411 0.006
6475.49886 15.461 0.006
6475.54168 15.476 0.005
6475.58738 15.478 0.005
6475.64874 15.473 0.005
6475.70034 15.488 0.005
6475.74523 15.482 0.005
6475.78574 15.475 0.005
6475.82758 15.468 0.006
6476.51219 15.519 0.006
6476.55271 15.513 0.006
6476.59357 15.529 0.006
6476.64458 15.531 0.006
6477.50481 15.570 0.006
6477.54586 15.585 0.006
6477.58714 15.592 0.006
6477.62805 15.570 0.006
6477.69361 15.582 0.006
6477.73460 15.589 0.006
6477.77501 15.575 0.006
6477.81643 15.570 0.007
6478.54322 15.631 0.006
6478.58351 15.649 0.006
6478.63492 15.640 0.006
6479.57822 15.687 0.006
6479.61897 15.689 0.006
6479.67275 15.666 0.006
6479.79272 15.658 0.006
6479.83831 15.668 0.006
6480.53190 15.715 0.007
6480.57532 15.709 0.006
6480.61591 15.704 0.006
6480.67838 15.721 0.006
6480.71857 15.692 0.007
6480.75928 15.713 0.006
6480.80081 15.696 0.006
6481.47198 15.739 0.007
6481.51305 15.716 0.007
6481.55612 15.739 0.006
6481.59767 15.734 0.006
6481.61232 15.738 0.006
6481.71524 15.727 0.007
6481.75630 15.714 0.006
6481.80002 15.727 0.006
6482.77333 15.744 0.007
6483.58443 15.756 0.006
6483.63741 15.769 0.005
6484.46596 15.751 0.007
6484.50695 15.736 0.006
6484.54774 15.730 0.005
6485.48215 15.717 0.006
6485.52851 15.715 0.006
6485.57369 15.716 0.006
6485.66319 15.711 0.005
6485.71477 15.713 0.005
6485.76110 15.722 0.005
6485.80654 15.688 0.006
6486.48556 15.683 0.006
6486.52689 15.675 0.006
6486.57311 15.679 0.006
6486.62431 15.677 0.006
6486.69397 15.665 0.006
6486.73678 15.664 0.006
6486.78358 15.669 0.006
6486.82226 15.636 0.006
6487.48397 15.644 0.005
6487.52678 15.642 0.005
6487.57271 15.642 0.005
6487.62499 15.637 0.005
6487.68648 15.639 0.005
6487.72792 15.631 0.005
6487.77196 15.628 0.005
6487.81622 15.624 0.006
6490.63763 15.447 0.005
6490.68282 15.459 0.005
6490.72347 15.436 0.005
6490.76747 15.448 0.005
6492.47002 15.315 0.006
6492.56210 15.305 0.005
6492.61220 15.310 0.005
6492.67559 15.295 0.005
6492.71315 15.282 0.005
6492.74907 15.292 0.005
6492.79298 15.280 0.006
6496.50074 14.964 0.005
6496.54081 14.963 0.005
6496.58115 14.969 0.005
6496.77688 14.937 0.005
6497.55527 14.880 0.005
6497.69873 14.874 0.005
6497.74005 14.857 0.005
6497.78074 14.855 0.005
6498.48239 14.800 0.005
6498.52587 14.809 0.005
6498.57073 14.804 0.005
6498.61652 14.801 0.005
6498.66239 14.795 0.005
6498.70546 14.783 0.005
6498.74824 14.790 0.005
6498.79022 14.776 0.005
6499.49610 14.727 0.005
6499.53994 14.720 0.005
6499.58365 14.722 0.005
6500.55254 14.647 0.005
6500.64823 14.630 0.005
6500.69493 14.628 0.005
6501.52127 14.573 0.005
6501.57154 14.560 0.005
6501.63639 14.557 0.005
6501.67779 14.549 0.005
6501.72023 14.543 0.005
6501.76306 14.547 0.005
6504.62411 14.344 0.005
6504.65190 14.338 0.005
6504.69490 14.332 0.005
6504.73762 14.311 0.005
6505.48899 14.277 0.005
6505.55005 14.284 0.005
6505.62389 14.280 0.005
6505.66475 14.269 0.005
6505.70649 14.266 0.005
6505.74858 14.254 0.005
6506.47939 14.239 0.005
6506.58708 14.217 0.005
6506.66274 14.211 0.005
6506.72437 14.204 0.005
6506.76551 14.218 0.005
6507.66620 14.191 0.005
6507.72329 14.179 0.005
6508.48205 14.138 0.005
6508.54099 14.117 0.005
6508.58494 14.117 0.005
6508.63202 14.120 0.005
6508.67399 14.111 0.005
6508.73424 14.114 0.005
6508.77578 14.103 0.005
6509.54565 14.096 0.005
6509.59751 14.104 0.005
6509.63959 14.094 0.005
6509.68090 14.074 0.005
6509.72342 14.062 0.005
6509.76310 14.055 0.005
6510.51511 14.063 0.005
6510.56767 14.050 0.005
6510.61353 14.046 0.005
6510.65556 14.036 0.005
6510.72575 14.032 0.005
6511.47727 14.008 0.005
6511.54520 14.019 0.005
6511.61566 14.007 0.005
6511.67064 14.016 0.005
6511.72006 14.017 0.005
6512.72250 13.981 0.005
6514.47838 13.957 0.005
6514.53963 13.958 0.005
6514.62414 13.956 0.005
6514.67515 13.951 0.005
6514.73017 13.938 0.005
6515.49280 13.946 0.005
6515.56388 13.948 0.005
6515.62653 13.937 0.005
6515.71834 13.926 0.005
6516.48037 13.945 0.005
6516.55111 13.940 0.005
6516.61817 13.931 0.005
6516.67256 13.945 0.005
6518.51567 13.930 0.005
6518.57856 13.930 0.005
6518.63076 13.932 0.005
6518.67797 13.926 0.005
6518.72415 13.909 0.005
6519.51160 13.910 0.005
6519.58359 13.927 0.005
6519.63165 13.919 0.005
6519.68400 13.920 0.005
6519.73096 13.901 0.005
6523.55452 13.780 0.005
6523.59182 13.777 0.005
6523.63090 13.774 0.005
6523.67149 13.768 0.005
6524.48931 13.735 0.005
6524.58560 13.726 0.005
6524.63393 13.728 0.005
6525.48998 13.689 0.005
6525.53995 13.682 0.005
6525.58717 13.674 0.005
6525.64283 13.690 0.005
6526.63343 13.626 0.005
6527.57658 13.557 0.005
6528.57141 13.482 0.005
6529.56922 13.415 0.005
6529.61065 13.416 0.005
6529.65352 13.406 0.005
6531.47762 13.373 0.005
6531.53678 13.346 0.005
6531.59850 13.344 0.005
6531.64597 13.345 0.005
6532.47934 13.347 0.005
6532.53513 13.350 0.005
6532.57848 13.338 0.005
6532.63802 13.341 0.005
6533.49035 13.355 0.005
6533.54931 13.350 0.005
6533.60984 13.324 0.005
6534.50800 13.349 0.005
6534.57010 13.335 0.005
6534.61152 13.326 0.005
6534.65444 13.318 0.005
6536.49309 13.334 0.005
6538.52926 13.336 0.005
6538.58394 13.339 0.005
6539.48018 13.351 0.005
6539.53157 13.353 0.005
6539.58123 13.345 0.005
6539.64076 13.346 0.005
6541.47836 13.365 0.005
6541.52741 13.364 0.005
6541.59110 13.371 0.005
6543.47829 13.426 0.005
6543.55510 13.387 0.005
6543.60003 13.381 0.005
6543.64060 13.375 0.005
6544.54248 13.447 0.005
6544.58307 13.416 0.005
6545.54093 13.421 0.005
6545.63168 13.407 0.005
6546.52108 13.481 0.005
6546.57439 13.463 0.005
6546.63360 13.430 0.005
6547.58761 13.500 0.005
6551.48618 13.642 0.005
6551.57590 13.641 0.005
6552.57961 13.656 0.005
6555.54956 13.879 0.005
6555.59913 13.866 0.005
6556.61739 13.937 0.005
6558.49549 14.067 0.005
6558.53960 14.068 0.005
6558.58333 14.060 0.005
6558.63504 14.058 0.005
6559.53888 14.167 0.005
6559.57904 14.162 0.005
6560.48655 14.235 0.005
6560.58871 14.253 0.005
6560.63301 14.241 0.005
6562.49898 14.443 0.005
6562.54610 14.438 0.005
6562.59302 14.457 0.005
6563.57213 14.554 0.005
6563.61644 14.557 0.005
6564.51043 14.657 0.005
6564.55146 14.658 0.005
6564.59616 14.638 0.005
6565.52292 14.760 0.005
6568.51512 15.110 0.005
6568.55712 15.099 0.005
6568.60113 15.101 0.005
6569.50726 15.218 0.005
6569.54835 15.219 0.005
6569.58940 15.206 0.005
6570.52592 15.326 0.005
6570.56716 15.302 0.006
6571.53274 15.409 0.006
6571.57964 15.406 0.006
6572.50102 15.497 0.006
6572.56119 15.528 0.006
6573.48190 15.581 0.006
6573.52688 15.599 0.006
6573.57167 15.605 0.006
6573.58033 15.604 0.006
6578.48809 15.914 0.008
6579.51777 15.971 0.007
6579.57604 15.949 0.008
6581.48787 16.025 0.008
6581.53406 16.037 0.008
6582.49944 16.013 0.008
6582.55849 16.034 0.007
6584.50763 15.990 0.008
6584.55200 15.984 0.008
6585.50804 15.942 0.008
6585.55429 15.884 0.008
6590.51463 15.360 0.006
6593.49006 14.901 0.006
6594.50303 14.751 0.005
6595.51485 14.623 0.005
6688.87597 15.358 0.005
6689.87624 15.226 0.005
6691.86984 14.991 0.005
6692.87045 14.855 0.005
6693.86325 14.716 0.005
6693.88151 14.717 0.005
6694.86342 14.609 0.005
6694.88073 14.608 0.005
6695.87471 14.517 0.005
6696.86770 14.436 0.005
6697.86418 14.365 0.005
6698.87642 14.307 0.005
6699.86125 14.242 0.005
6699.89168 14.238 0.005
6700.88348 14.198 0.005
6701.88700 14.139 0.005
6702.85894 14.102 0.005
6703.84664 14.099 0.005
6704.86279 14.082 0.005
6705.86086 14.082 0.005
6705.89237 14.082 0.005
6707.85837 14.082 0.005
6708.83591 14.101 0.005
6708.88148 14.106 0.005
6709.84714 14.099 0.005
6709.89044 14.115 0.005
6710.86340 14.125 0.005
6711.84340 14.108 0.005
6711.88502 14.115 0.005
6714.87240 14.136 0.005
6715.83169 14.120 0.005
6715.87699 14.130 0.005
6716.82379 14.117 0.005
6716.86703 14.129 0.005
6717.82615 14.104 0.005
6717.87945 14.115 0.005
6718.84396 14.104 0.005
6718.89951 14.101 0.005
6719.84162 14.096 0.005
6719.88931 14.097 0.005
6720.81746 14.069 0.005
6720.86602 14.075 0.005
6721.80096 14.058 0.005
6721.84492 14.057 0.005
6721.88962 14.062 0.005
6722.82485 14.038 0.005
6722.87380 14.050 0.005
6723.79583 14.040 0.005
6723.85034 14.050 0.005
6723.89809 14.051 0.005
6724.83069 14.031 0.005
6724.87764 14.048 0.005
6725.80504 14.018 0.005
6725.85459 14.020 0.005
6725.90045 14.021 0.005
6726.81721 14.002 0.005
6726.86863 14.011 0.005
6726.91205 14.022 0.005
6727.82302 14.010 0.005
6727.87216 14.011 0.005
6728.78781 13.994 0.005
6728.84079 14.008 0.005
6728.88612 14.006 0.005
6729.79330 14.003 0.005
6729.84387 14.005 0.005
6729.88902 13.998 0.005
6730.79198 14.003 0.005
6730.84320 14.007 0.005
6730.89065 14.007 0.005
6731.88897 14.017 0.005
6732.80215 13.987 0.005
6732.85155 13.993 0.005
6732.89489 13.979 0.005
6733.78787 13.984 0.005
6733.83698 13.988 0.005
6733.88054 13.992 0.005
6734.76973 13.972 0.005
6734.82117 13.983 0.005
6734.86677 13.978 0.005
6734.91089 13.984 0.005
6735.79596 13.972 0.005
6735.86032 13.979 0.005
6735.90359 13.983 0.005
6736.77722 13.987 0.005
6736.82616 13.983 0.005
6736.88050 13.986 0.005
6737.78707 13.990 0.005
6737.83406 14.004 0.005
6737.86670 13.996 0.005
6737.91160 13.997 0.005
6741.91535 14.095 0.005
6742.79135 14.104 0.005
6742.83812 14.112 0.005
6742.88112 14.120 0.005
6743.88065 14.129 0.005
6744.80018 14.165 0.005
6744.84726 14.166 0.005
6744.89076 14.181 0.005
6745.76620 14.186 0.005
6745.78254 14.191 0.005
6745.82764 14.189 0.005
6745.87082 14.205 0.005
6745.91475 14.212 0.005
6746.77431 14.233 0.005
6746.82101 14.244 0.005
6746.86437 14.232 0.005
6747.82810 14.272 0.005
6747.87773 14.276 0.005
6747.92186 14.276 0.005
6748.80587 14.316 0.005
6748.86327 14.310 0.005
6749.73797 14.336 0.005
6749.78280 14.345 0.005
6749.82743 14.358 0.005
6749.87947 14.356 0.005
6750.75451 14.380 0.005
6750.81143 14.386 0.005
6750.91414 14.389 0.005
6751.76399 14.420 0.005
6751.82354 14.437 0.005
6751.87029 14.441 0.005
6751.92012 14.442 0.005
6752.75344 14.477 0.005
6752.81311 14.480 0.005
6752.85676 14.482 0.005
6753.84035 14.530 0.005
6754.72349 14.548 0.005
6754.77267 14.558 0.005
6754.81613 14.565 0.005
6754.87926 14.562 0.005
6755.73221 14.595 0.005
6755.80607 14.605 0.005
6755.86408 14.611 0.005
6755.90996 14.619 0.005
6756.72692 14.657 0.005
6756.77599 14.652 0.005
6756.83263 14.669 0.005
6756.88576 14.671 0.005
6757.70728 14.704 0.005
6757.75247 14.705 0.005
6757.81128 14.708 0.005
6757.85846 14.703 0.005
6757.90827 14.708 0.005
6758.72214 14.747 0.005
6758.77034 14.742 0.005
6758.85320 14.750 0.005
6758.90505 14.757 0.005
6759.70857 14.794 0.005
6759.75560 14.795 0.005
6759.81269 14.802 0.005
6759.86792 14.800 0.005
6759.91383 14.811 0.005
6760.70985 14.835 0.005
6760.76095 14.843 0.005
6760.81861 14.852 0.005
6760.86443 14.854 0.005
6760.90998 14.849 0.005
6760.92410 14.849 0.005
6761.72287 14.866 0.005
6761.77139 14.877 0.005
6761.81488 14.892 0.005
6761.86107 14.883 0.005
6761.92605 14.889 0.005
6762.73139 14.912 0.005
6762.78471 14.916 0.005
6762.87509 14.920 0.005
6762.92134 14.915 0.005
6763.71924 14.946 0.005
6763.76868 14.942 0.005
6763.81343 14.948 0.005
6763.87118 14.947 0.005
6763.92616 14.958 0.005
6764.71437 14.978 0.005
6764.77002 14.971 0.005
6764.81564 14.971 0.005
6764.85875 14.971 0.005
6764.90474 14.975 0.005
6764.91932 14.962 0.005
6765.72498 14.994 0.005
6765.77010 15.000 0.005
6765.80092 14.998 0.005
6765.85620 14.992 0.005
6765.89800 15.007 0.005
6768.68564 15.025 0.005
6768.72622 15.028 0.005
6768.77085 15.032 0.005
6768.82011 15.037 0.005
6768.87820 15.038 0.005
6768.92674 15.027 0.005
6769.70142 15.039 0.005
6769.75037 15.040 0.005
6769.79467 15.032 0.005
6769.83847 15.033 0.005
6769.88288 15.036 0.005
6769.92624 15.019 0.005
6770.71048 15.039 0.005
6770.75427 15.045 0.005
6770.79783 15.032 0.005
6770.84169 15.040 0.005
6770.88824 15.041 0.005
6771.68989 15.027 0.005
6771.73554 15.029 0.005
6771.79564 15.038 0.005
6771.85433 15.029 0.005
6771.89940 15.031 0.005
6772.67483 15.010 0.005
6772.72056 15.019 0.005
6772.78325 15.017 0.005
6772.82682 15.017 0.005
6772.88565 15.014 0.005
6772.92926 15.016 0.005
6773.71538 15.002 0.005
6773.76465 15.006 0.005
6773.81819 15.012 0.005
6773.87417 14.999 0.005
6773.91742 15.001 0.005
6774.69832 14.969 0.005
6774.74620 14.983 0.005
6774.79166 14.979 0.005
6774.83511 14.971 0.005
6775.67875 14.943 0.005
6775.72729 14.950 0.005
6775.78767 14.949 0.005
6775.84213 14.938 0.005
6775.89858 14.944 0.005
6776.66070 14.912 0.005
6776.71923 14.902 0.005
6776.77914 14.900 0.005
6776.82816 14.893 0.005
6776.88762 14.886 0.005
6777.72814 14.848 0.005
6777.77852 14.837 0.005
6777.82428 14.841 0.005
6777.90787 14.824 0.005
6777.93512 14.832 0.005
6784.64953 14.232 0.005
6784.70774 14.224 0.005
6784.75870 14.228 0.005
6784.80728 14.222 0.005
6784.85903 14.223 0.005
6784.90391 14.205 0.005
6785.63544 14.145 0.005
6785.68449 14.147 0.005
6785.73184 14.158 0.005
6785.78663 14.137 0.005
6785.84387 14.137 0.005
6785.90041 14.130 0.005
6786.64632 14.062 0.005
6786.69262 14.053 0.005
6786.75043 14.063 0.005
6786.80594 14.057 0.005
6786.83170 14.055 0.005
6786.87663 14.044 0.005
6786.92296 14.042 0.005
6787.72770 13.967 0.005
6787.79122 13.969 0.005
6787.83678 13.960 0.005
6788.81012 13.878 0.005
6789.64885 13.797 0.005
6789.69274 13.805 0.005
6789.73638 13.802 0.005
6789.78097 13.807 0.005
6789.82833 13.811 0.005
6789.89117 13.797 0.005
6789.93964 13.789 0.005
6790.65045 13.739 0.005
6790.69420 13.746 0.005
6790.73774 13.749 0.005
6790.78491 13.743 0.005
6790.83550 13.744 0.005
6790.88059 13.735 0.005
6790.93360 13.731 0.005
6791.64302 13.695 0.005
6791.68916 13.692 0.005
6791.73604 13.695 0.005
6791.78242 13.700 0.005
6791.83019 13.699 0.005
6791.87733 13.682 0.005
6791.92178 13.685 0.005
6792.63040 13.653 0.005
6792.67709 13.655 0.005
6792.72079 13.662 0.005
6792.76469 13.661 0.005
6792.80312 13.657 0.005
6792.84447 13.655 0.005
6792.88349 13.648 0.005
6792.91837 13.640 0.005
6796.60615 13.595 0.005
6796.65029 13.600 0.005
6796.69848 13.616 0.005
6796.74214 13.601 0.005
6796.78977 13.598 0.005
6796.83907 13.587 0.005
6796.88390 13.583 0.005
6796.92824 13.589 0.005
6797.62760 13.588 0.005
6797.66401 13.591 0.005
6797.71818 13.595 0.005
6797.76748 13.584 0.005
6797.81393 13.583 0.005
6797.85746 13.578 0.005
6797.89655 13.572 0.005
6797.93558 13.571 0.005
6798.67331 13.591 0.005
6798.75785 13.593 0.005
6798.82067 13.593 0.005
6798.86347 13.577 0.005
6799.78463 13.608 0.005
6799.85890 13.594 0.005
6799.91668 13.598 0.005
6803.62819 13.521 0.005
6803.69214 13.526 0.005
6803.74037 13.532 0.005
6803.79093 13.520 0.005
6803.83964 13.524 0.005
6803.88054 13.526 0.005
6803.91855 13.526 0.005
6804.57678 13.523 0.005
6804.61707 13.531 0.005
6804.66539 13.530 0.005
6804.71887 13.533 0.005
6804.76774 13.535 0.005
6804.82281 13.527 0.005
6804.86732 13.534 0.005
6804.90891 13.525 0.005
6804.94335 13.533 0.005
6805.62072 13.529 0.005
6805.67039 13.546 0.005
6805.71694 13.530 0.005
6805.78438 13.527 0.005
6805.82816 13.527 0.005
6805.87162 13.524 0.005
6805.91550 13.535 0.005
6806.85110 13.518 0.005
6806.89748 13.525 0.005
6807.63784 13.532 0.005
6807.69934 13.525 0.005
6807.74920 13.525 0.005
6807.79658 13.527 0.005
6807.84137 13.535 0.005
6807.88527 13.524 0.005
6807.92923 13.531 0.005
6808.59878 13.515 0.005
6808.64461 13.523 0.005
6808.69127 13.521 0.005
6808.75881 13.527 0.005
6808.80419 13.511 0.005
6808.84970 13.515 0.005
6808.89402 13.509 0.005
6808.93336 13.521 0.005
6809.58931 13.499 0.005
6809.64764 13.506 0.005
6809.70514 13.529 0.005
6809.76284 13.531 0.005
6809.81824 13.504 0.005
6809.87257 13.505 0.005
6809.91457 13.502 0.005
6810.58510 13.506 0.005
6810.63229 13.508 0.005
6810.67803 13.517 0.005
6810.73478 13.520 0.005
6810.79013 13.502 0.005
6810.84415 13.502 0.005
6810.88947 13.498 0.005
6810.92981 13.498 0.005
6811.58398 13.489 0.005
6811.62818 13.502 0.005
6811.67554 13.500 0.005
6811.73188 13.497 0.005
6811.79399 13.500 0.005
6811.84020 13.495 0.005
6811.88864 13.500 0.005
6811.93001 13.508 0.005
6813.62091 13.506 0.005
6813.67294 13.505 0.005
6813.72230 13.496 0.005
6813.78303 13.496 0.005
6813.83644 13.485 0.005
6813.88726 13.483 0.005
6813.92927 13.473 0.005
6814.61627 13.500 0.005
6814.67488 13.497 0.005
6814.75243 13.505 0.005
6814.79786 13.498 0.005
6814.84218 13.494 0.005
6814.88786 13.491 0.005
6814.92954 13.503 0.005
6815.59701 13.515 0.005
6815.64388 13.507 0.005
6815.69187 13.508 0.005
6815.77054 13.506 0.005
6815.82415 13.509 0.005
6815.87471 13.506 0.005
6815.91941 13.498 0.005
6816.58542 13.515 0.005
6816.64747 13.522 0.005
6816.71326 13.516 0.005
6816.76945 13.517 0.005
6816.82401 13.509 0.005
6816.87379 13.515 0.005
6817.58841 13.525 0.005
6817.63560 13.522 0.005
6817.68488 13.523 0.005
6817.73536 13.529 0.005
6817.78029 13.528 0.005
6817.83404 13.530 0.005
6817.88777 13.534 0.005
6817.91960 13.530 0.005
6818.57452 13.549 0.005
6818.85538 13.562 0.005
6819.56796 13.573 0.005
6819.60538 13.576 0.005
6819.64269 13.574 0.005
6819.68246 13.573 0.005
6819.73229 13.586 0.005
6819.77215 13.585 0.005
6819.82244 13.580 0.005
6819.86761 13.583 0.005
6823.70216 13.739 0.005
6823.75292 13.733 0.005
6823.79634 13.739 0.005
6823.84165 13.729 0.005
6823.88635 13.733 0.005
6824.54698 13.751 0.005
6824.59528 13.761 0.005
6824.64810 13.767 0.005
6824.69924 13.767 0.005
6824.76732 13.765 0.005
6824.81205 13.764 0.005
6824.85690 13.755 0.005
6824.89897 13.756 0.005
6825.56393 13.809 0.005
6825.60774 13.815 0.005
6825.65238 13.825 0.005
6825.70888 13.840 0.005
6825.76479 13.825 0.005
6825.80958 13.825 0.005
6825.85433 13.821 0.005
6825.90031 13.814 0.005
6826.54257 13.853 0.005
6826.58762 13.857 0.005
6826.63119 13.859 0.005
6826.68627 13.857 0.005
6826.74400 13.857 0.005
6826.78842 13.858 0.005
6826.85581 13.852 0.005
6826.89633 13.846 0.005
6827.55824 13.892 0.005
6827.60340 13.901 0.005
6827.64790 13.901 0.005
6827.73780 13.897 0.005
6827.78280 13.898 0.005
6827.82758 13.898 0.005
6827.87029 13.904 0.005
6828.54576 13.928 0.005
6828.59163 13.934 0.005
6828.63718 13.939 0.005
6828.69381 13.936 0.005
6828.76191 13.945 0.005
6828.81539 13.942 0.005
6828.85910 13.948 0.005
6828.89558 13.949 0.005
6829.54551 14.002 0.005
6829.59003 14.007 0.005
6829.64405 13.996 0.005
6829.70138 13.997 0.005
6829.74572 13.993 0.005
6829.78986 13.994 0.005
6829.83325 13.996 0.005
6829.87486 13.992 0.005
6830.55054 14.031 0.005
6830.59767 14.035 0.005
6830.65152 14.047 0.005
6830.70949 14.046 0.005
6830.75442 14.040 0.005
6830.79859 14.038 0.005
6830.85071 14.039 0.005
6831.52997 14.074 0.005
6831.61758 14.100 0.005
6831.66074 14.086 0.005
6831.72947 14.089 0.005
6831.77419 14.085 0.005
6831.86484 14.093 0.005
6832.52225 14.120 0.005
6832.57368 14.131 0.005
6832.61835 14.134 0.005
6832.68622 14.141 0.005
6832.73196 14.132 0.005
6832.77700 14.130 0.005
6832.82258 14.133 0.005
6833.52681 14.169 0.005
6833.57212 14.176 0.005
6833.62225 14.178 0.005
6833.68951 14.184 0.005
6833.73574 14.177 0.005
6833.77958 14.172 0.005
6833.82373 14.181 0.005
6833.86318 14.183 0.005
6834.52668 14.226 0.005
6834.56997 14.230 0.005
6834.61354 14.239 0.005
6834.66725 14.238 0.005
6834.72354 14.231 0.005
6834.76823 14.223 0.005
6834.81251 14.227 0.005
6834.85716 14.246 0.005
6835.54767 14.280 0.005
6835.59270 14.292 0.005
6835.63646 14.284 0.005
6835.70195 14.288 0.005
6835.74637 14.291 0.005
6835.79044 14.282 0.005
6835.83463 14.276 0.005
6836.49217 14.336 0.005
6836.54792 14.329 0.005
6836.60020 14.339 0.005
6836.64987 14.339 0.005
6836.70314 14.324 0.005
6836.75010 14.319 0.005
6836.79435 14.327 0.005
6836.83871 14.338 0.005
6837.49402 14.364 0.005
6837.53785 14.363 0.005
6837.58111 14.371 0.005
6837.62457 14.374 0.005
6837.68966 14.376 0.005
6837.73319 14.378 0.005
6837.77767 14.377 0.005
6837.82171 14.378 0.005
6837.85821 14.373 0.005
6838.51876 14.421 0.005
6838.56453 14.431 0.005
6838.60975 14.426 0.005
6838.66477 14.426 0.005
6838.71944 14.429 0.005
6838.76307 14.424 0.005
6838.80732 14.432 0.005
6838.84753 14.425 0.005
6839.51662 14.464 0.005
6839.56303 14.471 0.005
6839.60688 14.475 0.005
6839.65285 14.471 0.005
6839.72028 14.474 0.005
6839.76416 14.468 0.005
6839.80907 14.464 0.005
6839.84608 14.472 0.005
6840.54676 14.531 0.005
6840.59233 14.521 0.005
6840.64454 14.535 0.005
6840.71117 14.536 0.005
6840.75468 14.525 0.005
6840.79850 14.526 0.005
6841.53842 14.568 0.005
6841.59311 14.574 0.005
6841.64878 14.573 0.005
6841.70426 14.573 0.005
6841.74738 14.573 0.005
6841.79161 14.575 0.005
6841.83131 14.576 0.005
6842.51995 14.619 0.005
6842.56407 14.628 0.005
6842.60736 14.633 0.005
6842.67227 14.632 0.005
6842.71622 14.616 0.005
6842.76177 14.625 0.005
6842.80550 14.622 0.005
6844.47531 14.727 0.005
6844.51885 14.727 0.005
6844.56371 14.734 0.005
6844.60725 14.744 0.005
6844.66519 14.739 0.005
6844.72153 14.741 0.005
6844.76699 14.733 0.005
6844.81037 14.740 0.005
6844.84868 14.733 0.005
6845.49337 14.779 0.005
6845.53666 14.787 0.005
6845.57971 14.788 0.005
6845.62289 14.787 0.005
6845.68687 14.806 0.005
6845.73083 14.790 0.005
6845.77465 14.789 0.005
6845.81715 14.790 0.005
6846.80049 14.841 0.005
6846.81160 14.841 0.005
6846.83457 14.837 0.005
6847.46430 14.881 0.005
6847.49673 14.881 0.005
6847.53399 14.890 0.005
6847.57279 14.883 0.005
6847.60985 14.896 0.005
6847.65147 14.890 0.005
6847.69035 14.896 0.005
6847.72781 14.884 0.005
6847.76501 14.891 0.005
6847.80231 14.898 0.005
6848.58661 14.940 0.005
6848.71397 14.945 0.005
6848.75725 14.944 0.005
6848.77311 14.950 0.005
6848.79162 14.946 0.005
6848.80923 14.938 0.005
6848.82398 14.956 0.005
6848.83437 14.953 0.005
6848.83616 14.944 0.005
6848.83792 14.946 0.005
6848.84600 14.956 0.006
6849.62529 14.992 0.006
6849.63580 14.997 0.005
6849.64780 14.983 0.005
6849.65478 14.979 0.006
6849.66402 14.981 0.005
6850.51730 15.021 0.006
6850.53680 15.016 0.006
6850.55728 15.019 0.005
6850.57020 15.027 0.006
6850.57956 15.018 0.005
6850.59225 15.022 0.006
6850.60331 15.025 0.005
6850.63158 15.022 0.005
6850.64166 15.026 0.005
6850.67988 15.021 0.005
6850.69046 15.024 0.006
6850.70199 15.020 0.006
6850.71538 15.020 0.006
6850.72991 15.031 0.006
6850.74348 15.019 0.006
6850.75566 15.022 0.006
6850.76887 15.021 0.006
6850.78040 15.016 0.006
6850.79378 15.024 0.006
6850.80962 15.022 0.006
6851.46421 15.040 0.006
6851.48373 15.056 0.005
6851.50138 15.055 0.005
6851.51617 15.055 0.005
6851.53073 15.046 0.005
6851.55116 15.057 0.005
6851.56131 15.059 0.005
6851.57882 15.048 0.005
6851.59772 15.063 0.005
6851.61935 15.067 0.005
6851.64723 15.060 0.005
6851.67102 15.057 0.005
6851.69348 15.057 0.005
6851.71501 15.061 0.005
6851.74023 15.053 0.005
6851.76149 15.056 0.005
6851.78629 15.057 0.005
6851.80975 15.061 0.006
6852.46297 15.076 0.007
6852.47364 15.081 0.006
6852.48384 15.085 0.006
6852.49226 15.080 0.005
6852.50235 15.085 0.005
6852.51854 15.084 0.005
6852.52953 15.091 0.006
6852.54103 15.082 0.005
6852.55098 15.084 0.005
6852.56425 15.080 0.005
6852.57553 15.091 0.005
6852.59059 15.080 0.005
6852.59973 15.087 0.005
6852.61250 15.086 0.005
6852.62458 15.097 0.005
6852.63511 15.080 0.005
6852.64754 15.090 0.005
6852.66266 15.095 0.006
6852.67742 15.077 0.006
6852.69080 15.095 0.006
6852.70267 15.080 0.006
6852.71375 15.096 0.005
6852.72393 15.079 0.005
6852.73605 15.080 0.006
6852.74567 15.094 0.006
6852.76755 15.079 0.006
6852.77890 15.084 0.006
6852.79333 15.090 0.006
6852.80204 15.087 0.006
6852.81083 15.091 0.006
6852.81696 15.086 0.006
6853.54304 15.112 0.006
6853.55152 15.114 0.006
6853.55614 15.102 0.005
6853.58110 15.112 0.006
6853.58894 15.102 0.006
6853.59272 15.121 0.006
6853.59971 15.111 0.006
6853.60521 15.113 0.006
6853.61293 15.122 0.006
6853.67348 15.100 0.006
6853.68545 15.112 0.006
6853.70362 15.105 0.006
6853.71838 15.107 0.006
6853.73229 15.105 0.006
6853.75258 15.105 0.006
6854.46129 15.133 0.006
6854.47026 15.123 0.005
6854.48521 15.130 0.005
6854.51642 15.132 0.005
6854.53247 15.135 0.005
6854.55110 15.123 0.005
6854.67759 15.131 0.005
6855.48385 15.156 0.005
6855.53203 15.138 0.005
6855.57672 15.143 0.005
6855.62222 15.145 0.005
6855.68823 15.147 0.005
6855.73282 15.148 0.005
6855.77933 15.144 0.005
6855.81443 15.143 0.005
6856.50023 15.148 0.005
6856.54387 15.159 0.005
6856.59860 15.139 0.005
6856.65485 15.144 0.005
6856.69855 15.142 0.005
6856.74421 15.146 0.005
6856.78649 15.141 0.005
6857.48583 15.155 0.005
6857.52729 15.158 0.005
6857.57209 15.152 0.005
6857.64006 15.156 0.005
6857.68498 15.156 0.005
6857.73272 15.156 0.005
6857.77816 15.151 0.005
6858.48346 15.144 0.005
6858.52791 15.149 0.005
6858.57231 15.151 0.005
6858.63932 15.148 0.005
6858.68359 15.143 0.005
6858.72757 15.143 0.005
6858.77186 15.147 0.005
6859.58677 15.144 0.006
6859.65599 15.134 0.005
6859.70473 15.132 0.005
6859.75067 15.127 0.006
6862.56092 15.061 0.005
6862.62850 15.055 0.005
6862.67240 15.053 0.005
6862.71912 15.054 0.005
6862.76105 15.049 0.005
6863.48642 15.026 0.005
6863.53099 15.020 0.005
6863.60159 15.017 0.005
6863.64630 15.012 0.005
6863.69141 15.010 0.005
6863.73870 15.006 0.005
6863.77819 14.988 0.005
6864.50309 14.977 0.005
6864.54886 14.972 0.005
6864.61487 14.969 0.005
6864.65997 14.968 0.005
6864.70594 14.951 0.005
6864.75536 14.943 0.005
6865.54769 14.908 0.005
6865.67206 14.900 0.005
6866.55727 14.850 0.005
6866.73040 14.816 0.005
6866.76464 14.816 0.005
6866.79883 14.812 0.005
6870.49245 14.608 0.005
6870.54262 14.606 0.005
6870.60532 14.592 0.005
6870.68916 14.602 0.005
6870.73792 14.580 0.005
6871.55257 14.543 0.005
6871.62853 14.541 0.005
6872.52952 14.498 0.005
6872.61354 14.488 0.005
6872.66777 14.484 0.005
6872.72959 14.470 0.005
6873.51615 14.447 0.005
6873.59973 14.443 0.005
6874.65852 14.391 0.005
6879.48401 14.252 0.005
6879.54346 14.276 0.005
6879.59502 14.249 0.005
6879.66309 14.251 0.005
6879.72497 14.253 0.005
6880.48922 14.252 0.005
6880.57750 14.243 0.005
6880.63908 14.241 0.005
6880.68874 14.231 0.005
6880.73412 14.231 0.005
6881.49653 14.206 0.005
6881.57774 14.221 0.005
6881.64615 14.213 0.005
6881.71973 14.200 0.005
6882.48992 14.187 0.005
6882.54778 14.192 0.005
6882.59360 14.184 0.005
6882.63945 14.178 0.005
6882.68747 14.168 0.005
6882.73368 14.158 0.005
6883.47806 14.158 0.005
6883.52171 14.153 0.005
6883.56726 14.152 0.005
6883.62975 14.142 0.005
6883.65164 14.143 0.005
6883.66854 14.151 0.005
6883.68603 14.147 0.005
6883.73086 14.126 0.005
6884.69077 14.114 0.005
6884.73091 14.110 0.005
6885.50312 14.104 0.005
6885.57198 14.101 0.005
6885.61666 14.095 0.005
6885.66715 14.086 0.005
6885.71269 14.083 0.005
6886.49012 14.070 0.005
6886.55984 14.066 0.005
6886.60507 14.066 0.005
6886.65190 14.061 0.005
6886.69810 14.055 0.005
6887.47708 14.032 0.005
6887.54327 14.040 0.005
6887.59254 14.049 0.005
6887.63956 14.026 0.005
6887.68950 14.018 0.005
6888.47515 14.005 0.005
6888.54171 14.000 0.005
6888.58802 13.995 0.005
6888.63923 13.988 0.005
6888.69081 13.977 0.005
6889.49170 13.960 0.005
6889.55835 13.949 0.005
6889.60569 13.946 0.005
6889.65294 13.940 0.005
6889.69811 13.941 0.005
6890.50242 13.926 0.005
6890.56210 13.929 0.005
6890.60873 13.918 0.005
6890.65333 13.909 0.005
6890.69547 13.916 0.005
6891.47007 13.893 0.005
6891.50526 13.901 0.005
6891.56397 13.892 0.005
6891.61302 13.892 0.005
6891.65857 13.888 0.005
6891.70125 13.890 0.005
6895.52827 13.847 0.005
6895.58261 13.852 0.005
6895.62944 13.837 0.005
6895.67510 13.835 0.005
6896.49809 13.842 0.005
6896.56524 13.835 0.005
6896.60924 13.838 0.005
6898.47415 13.826 0.005
6898.61342 13.829 0.005
6900.48900 13.806 0.005
6900.50874 13.801 0.005
6900.52268 13.811 0.005
6900.53662 13.807 0.005
6907.47718 13.707 0.005
6907.52720 13.712 0.005
6907.57080 13.709 0.005
6907.61404 13.712 0.005
6907.65339 13.701 0.005
6908.48024 13.709 0.005
6908.51027 13.702 0.005
6908.52357 13.700 0.005
6908.56256 13.695 0.005
6908.61593 13.690 0.005
6908.64281 13.690 0.005
6909.52644 13.691 0.005
6909.58317 13.702 0.005
6909.62720 13.698 0.005
6909.65126 13.704 0.005
6910.57780 13.700 0.005
6912.47757 13.654 0.005
6912.51781 13.654 0.005
6912.56791 13.657 0.005
6912.61185 13.656 0.005
6912.64487 13.650 0.005
6915.51998 13.675 0.005
6915.56302 13.670 0.005
6915.60718 13.681 0.005
6916.49934 13.689 0.005
6918.48760 13.766 0.005
6918.54509 13.754 0.005
6918.58949 13.756 0.005
6918.63793 13.772 0.005
6919.52940 13.806 0.005
6919.57324 13.804 0.005
6920.51131 13.888 0.005
6921.62851 13.886 0.005
6922.50992 13.964 0.005
6922.55372 13.966 0.005
6922.59893 13.985 0.005
6923.49931 14.044 0.005
6923.54747 14.046 0.005
6923.60333 14.060 0.005
6924.51218 14.088 0.005
6924.55569 14.091 0.005
6924.60111 14.096 0.005
6925.52309 14.198 0.005
6925.56685 14.182 0.005
6925.61229 14.188 0.005
6926.51333 14.266 0.005
6926.56223 14.255 0.005
6926.60563 14.257 0.005
6927.53821 14.353 0.005
6927.58193 14.360 0.005
6928.48223 14.463 0.005
6928.54440 14.464 0.005
6928.58912 14.484 0.005
6929.52002 14.542 0.005
6929.57596 14.549 0.005
6930.48733 14.656 0.005
6930.53708 14.667 0.005
6930.58858 14.655 0.005
6936.50212 15.273 0.006
6936.54908 15.266 0.006
6937.50186 15.368 0.006
6937.54616 15.374 0.006
6938.48672 15.439 0.007
6938.53097 15.442 0.007
6938.57338 15.453 0.007
6940.48623 15.593 0.008
6940.53564 15.608 0.007
6941.49981 15.672 0.008
6942.50536 15.746 0.007
6942.54886 15.737 0.007
6943.50395 15.784 0.008
6944.48858 15.847 0.007
6944.54125 15.851 0.008
6947.50257 15.912 0.008
6948.48961 15.898 0.008
6949.52687 15.870 0.008
6950.53955 15.846 0.008
6951.49066 15.843 0.008
6951.54838 15.832 0.008
6953.49607 15.682 0.007
6954.53176 15.588 0.007
6955.52215 15.514 0.006
6956.53762 15.418 0.006
7059.88047 14.090 0.005
7060.87017 14.036 0.005
7060.88628 14.038 0.005
7061.86656 13.995 0.005
7061.88222 13.998 0.005
7062.86408 13.975 0.005
7062.87971 13.983 0.005
7063.87690 13.951 0.005
7064.87366 13.938 0.005
7065.86552 13.940 0.005
7066.85841 13.936 0.005
7069.84289 13.935 0.005
7069.88154 13.943 0.005
7070.85506 13.938 0.005
7070.89297 13.946 0.005
7071.86741 13.939 0.005
7072.83721 13.928 0.005
7072.87508 13.940 0.005
7074.85097 13.935 0.005
7074.89111 13.919 0.005
7075.82922 13.897 0.005
7075.86835 13.886 0.005
7076.83088 13.885 0.005
7076.86893 13.887 0.005
7077.82866 13.852 0.005
7077.86626 13.863 0.005
7078.82395 13.822 0.005
7078.85726 13.832 0.005
7078.89497 13.842 0.005
7079.89425 13.839 0.005
7080.84033 13.771 0.005
7080.89056 13.761 0.005
7081.89150 13.727 0.005
7082.81524 13.673 0.005
7082.85902 13.688 0.005
7082.89849 13.681 0.005
7083.83716 13.657 0.005
7083.88114 13.652 0.005
7084.81902 13.621 0.005
7084.86142 13.623 0.005
7084.90628 13.636 0.005
7085.80496 13.600 0.005
7085.87959 13.605 0.005
7086.81031 13.589 0.005
7086.85630 13.599 0.005
7086.90030 13.615 0.005
7087.82254 13.578 0.005
7087.86781 13.579 0.005
7088.79958 13.569 0.005
7088.83891 13.576 0.005
7088.88348 13.569 0.005
7089.79761 13.552 0.005
7089.84925 13.550 0.005
7089.89301 13.564 0.005
7090.81400 13.544 0.005
7090.85861 13.546 0.005
7090.90320 13.552 0.005
7091.81194 13.549 0.005
7091.85694 13.546 0.005
7091.90201 13.559 0.005
7092.80680 13.561 0.005
7092.84650 13.565 0.005
7092.88524 13.568 0.005
7093.87679 13.561 0.005
7097.79549 13.610 0.005
7097.83950 13.632 0.005
7097.88359 13.618 0.005
7098.78729 13.625 0.005
7098.83372 13.647 0.005
7098.88764 13.649 0.005
7099.76719 13.650 0.005
7099.78468 13.653 0.005
7099.82922 13.660 0.005
7099.84425 13.662 0.005
7099.86085 13.666 0.005
7099.89025 13.663 0.005
7099.91828 13.661 0.005
7100.79579 13.689 0.005
7100.84159 13.706 0.005
7100.88697 13.704 0.005
7101.78840 13.731 0.005
7101.86876 13.727 0.005
7101.91357 13.735 0.005
7102.81673 13.777 0.005
7102.87827 13.765 0.005
7104.82005 13.850 0.005
7108.80694 14.105 0.005
7108.85389 14.096 0.005
7109.75426 14.148 0.005
7109.80343 14.158 0.005
7109.85795 14.176 0.005
7109.90794 14.178 0.005
7110.76726 14.248 0.005
7110.81238 14.265 0.005
7110.87778 14.250 0.005
7111.74852 14.320 0.005
7111.78817 14.334 0.005
7111.84439 14.352 0.005
7111.90023 14.353 0.005
7112.74427 14.418 0.005
7112.79587 14.443 0.005
7112.85920 14.443 0.005
7112.90747 14.446 0.005
7113.74874 14.530 0.005
7113.79421 14.533 0.005
7113.83839 14.542 0.005
7113.89504 14.554 0.005
7114.76083 14.638 0.005
7114.80526 14.652 0.005
7114.86082 14.664 0.005
7114.90767 14.669 0.005
7115.72738 14.728 0.005
7115.77586 14.741 0.005
7115.81910 14.752 0.005
7115.86279 14.753 0.005
7116.72299 14.842 0.005
7116.77063 14.853 0.005
7116.81480 14.859 0.005
7116.87778 14.869 0.005
7116.92280 14.875 0.005
7117.75280 14.961 0.005
7117.79772 14.963 0.005
7117.84255 14.968 0.005
7117.90017 14.977 0.005
7118.75651 15.067 0.005
7118.81145 15.067 0.005
7118.86284 15.079 0.005
7118.91118 15.093 0.005
7119.76343 15.176 0.005
7119.78623 15.178 0.005
7119.82939 15.183 0.005
7119.87398 15.171 0.005
7119.92093 15.196 0.005
7120.74567 15.262 0.005
7120.78777 15.282 0.005
7120.82480 15.281 0.005
7120.86403 15.284 0.005
7120.90426 15.291 0.006
7125.73124 15.702 0.006
7125.78039 15.690 0.006
7125.82769 15.695 0.006
7125.88933 15.691 0.006
7126.69815 15.757 0.006
7126.74483 15.750 0.006
7126.79754 15.752 0.006
7126.87202 15.750 0.006
7126.92420 15.754 0.006
7127.73277 15.807 0.006
7129.68917 15.902 0.007
7129.73360 15.908 0.006
7129.77774 15.894 0.006
7129.84011 15.897 0.006
7129.88592 15.876 0.006
7129.93017 15.893 0.007
7130.71465 15.918 0.007
7130.75863 15.905 0.007
7130.81157 15.896 0.006
7130.86962 15.903 0.007
7130.91193 15.892 0.007
7131.70146 15.940 0.007
7131.74521 15.950 0.006
7131.80185 15.937 0.006
7131.85556 15.941 0.006
7131.90281 15.939 0.006
7132.68214 15.934 0.008
7132.72591 15.950 0.007
7132.76923 15.953 0.007
7132.83973 15.954 0.006
7133.82214 15.934 0.007
7133.87013 15.937 0.007
7133.91450 15.937 0.007
7134.68779 15.929 0.007
7134.72458 15.930 0.007
7134.76901 15.920 0.007
7134.82342 15.908 0.006
7134.88057 15.908 0.006
7134.92500 15.915 0.006
7135.71183 15.877 0.006
7135.75540 15.876 0.006
7135.79980 15.875 0.006
7135.86799 15.866 0.006
7135.91248 15.856 0.006
7136.68884 15.837 0.006
7136.73273 15.827 0.006
7136.77617 15.813 0.006
7136.82969 15.804 0.007
7136.88632 15.806 0.006
7136.93068 15.802 0.007
7137.69793 15.762 0.006
7137.74226 15.752 0.006
7137.78668 15.751 0.005
7137.85285 15.747 0.006
7137.89866 15.730 0.006
7138.66359 15.673 0.007
7138.69771 15.676 0.006
7138.74302 15.664 0.006
7138.78712 15.673 0.006
7138.85376 15.670 0.006
7138.89911 15.655 0.006
7139.66444 15.578 0.007
7139.73785 15.583 0.006
7139.78061 15.583 0.006
7139.84408 15.565 0.006
7139.89167 15.567 0.006
7140.65959 15.502 0.006
7140.69702 15.491 0.006
7140.73876 15.486 0.006
7140.78191 15.479 0.005
7140.84396 15.473 0.006
7140.89093 15.455 0.006
7140.93499 15.459 0.006
7141.68699 15.379 0.005
7141.73096 15.374 0.005
7141.77533 15.381 0.005
7141.83788 15.366 0.005
7141.88817 15.352 0.005
7141.93277 15.344 0.006
7142.68137 15.271 0.005
7142.72725 15.270 0.005
7142.77195 15.269 0.005
7142.82695 15.247 0.005
7142.88251 15.245 0.005
7142.92648 15.237 0.005
7143.68110 15.158 0.005
7143.72409 15.155 0.005
7143.76822 15.145 0.005
7143.81468 15.144 0.005
7143.86919 15.134 0.005
7143.93312 15.125 0.005
7144.67263 15.059 0.005
7144.71507 15.053 0.005
7144.76991 15.048 0.005
7144.84137 15.037 0.005
7145.68993 14.952 0.005
7145.76591 14.944 0.005
7145.81090 14.947 0.005
7145.85735 14.929 0.005
7145.90303 14.931 0.005
7146.63971 14.850 0.005
7146.67771 14.848 0.005
7146.71469 14.862 0.005
7146.75171 14.852 0.005
7146.78905 14.845 0.005
7146.82968 14.850 0.005
7146.86848 14.834 0.005
7146.90584 14.824 0.005
7147.64625 14.768 0.005
7147.68393 14.768 0.005
7147.72186 14.761 0.005
7147.75922 14.761 0.005
7147.79666 14.754 0.005
7147.83655 14.755 0.005
7147.87776 14.744 0.005
7147.91537 14.736 0.005
7148.79364 14.670 0.005
7148.86805 14.659 0.005
7150.81549 14.521 0.005
7150.83163 14.523 0.005
7151.70168 14.456 0.005
7151.81031 14.456 0.005
7151.82627 14.459 0.005
7152.75415 14.395 0.005
7152.80127 14.401 0.005
7152.84607 14.397 0.005
7152.89104 14.395 0.005
7152.93503 14.385 0.005
7153.65447 14.354 0.005
7153.69841 14.348 0.005
7153.74284 14.351 0.005
7153.78701 14.349 0.005
7153.83375 14.356 0.005
7153.87749 14.348 0.005
7153.92301 14.339 0.005
7154.66539 14.308 0.005
7154.71467 14.305 0.005
7154.75847 14.300 0.005
7154.82178 14.296 0.005
7154.87490 14.290 0.005
7154.91825 14.288 0.005
7155.63419 14.252 0.005
7155.68182 14.261 0.005
7155.72625 14.260 0.005
7155.77288 14.253 0.005
7155.83988 14.255 0.005
7155.88317 14.255 0.005
7155.92672 14.239 0.005
7156.63570 14.217 0.005
7156.67655 14.222 0.005
7156.72208 14.215 0.005
7156.79963 14.218 0.005
7157.61565 14.179 0.005
7157.65980 14.194 0.005
7157.70929 14.193 0.005
7157.80774 14.194 0.005
7157.87125 14.190 0.005
7157.91581 14.185 0.005
7158.65133 14.162 0.005
7158.69557 14.159 0.005
7158.73928 14.162 0.005
7158.79444 14.154 0.005
7158.85035 14.153 0.005
7158.89386 14.155 0.005
7158.93804 14.155 0.005
7159.63797 14.144 0.005
7159.68156 14.143 0.005
7159.72537 14.139 0.005
7159.78091 14.134 0.005
7159.83640 14.139 0.005
7159.88022 14.137 0.005
7159.92483 14.131 0.005
7160.64489 14.107 0.005
7160.68977 14.118 0.005
7160.73311 14.116 0.005
7160.80117 14.112 0.005
7160.84445 14.114 0.005
7160.89232 14.110 0.005
7160.93612 14.112 0.005
7161.64004 14.099 0.005
7161.70272 14.105 0.005
7161.75582 14.101 0.005
7161.81229 14.092 0.005
7161.85664 14.103 0.005
7161.90252 14.093 0.005
7162.60112 14.073 0.005
7162.64575 14.080 0.005
7162.69040 14.092 0.005
7162.73391 14.088 0.005
7162.80075 14.083 0.005
7162.84477 14.082 0.005
7162.89169 14.081 0.005
7162.93526 14.078 0.005
7163.64026 14.064 0.005
7163.68488 14.064 0.005
7163.72921 14.060 0.005
7163.79397 14.049 0.005
7163.83837 14.053 0.005
7163.88240 14.050 0.005
7163.92613 14.050 0.005
7164.71053 14.044 0.005
7164.75603 14.040 0.005
7164.81192 14.036 0.005
7164.86505 14.034 0.005
7164.90830 14.025 0.005
7165.60339 14.013 0.005
7166.59958 13.984 0.005
7166.64347 13.982 0.005
7166.68668 13.985 0.005
7166.75030 13.979 0.005
7166.79842 13.984 0.005
7166.84274 13.985 0.005
7166.88690 13.980 0.005
7166.93112 13.981 0.005
7168.72365 13.954 0.005
7169.58534 13.925 0.005
7169.63042 13.935 0.005
7169.67487 13.934 0.005
7169.71944 13.928 0.005
7169.78604 13.927 0.005
7169.84040 13.926 0.005
7169.88444 13.931 0.005
7169.92891 13.929 0.005
7170.60316 13.904 0.005
7170.64739 13.909 0.005
7170.69156 13.901 0.005
7170.74537 13.908 0.005
7170.80524 13.908 0.005
7170.85198 13.912 0.005
7170.89487 13.902 0.005
7171.86419 13.897 0.005
7172.57801 13.857 0.005
7172.62134 13.864 0.005
7172.66589 13.859 0.005
7172.71026 13.864 0.005
7172.77628 13.862 0.005
7172.82007 13.863 0.005
7172.87131 13.856 0.005
7172.91517 13.847 0.005
7173.57392 13.817 0.005
7173.62648 13.819 0.005
7173.67217 13.820 0.005
7173.72685 13.815 0.005
7173.79163 13.821 0.005
7173.83845 13.821 0.005
7173.88233 13.822 0.005
7173.92648 13.810 0.005
7174.58031 13.780 0.005
7174.62192 13.787 0.005
7174.66620 13.802 0.005
7174.70997 13.793 0.005
7174.76381 13.808 0.005
7174.80876 13.795 0.005
7174.85230 13.794 0.005
7174.89911 13.786 0.005
7174.94274 13.783 0.005
7175.60367 13.757 0.005
7175.69468 13.768 0.005
7175.75372 13.755 0.005
7175.84748 13.763 0.005
7175.88905 13.746 0.005
7175.92870 13.758 0.005
7176.70774 13.729 0.005
7176.82749 13.731 0.005
7176.93145 13.721 0.005
7177.77740 13.704 0.005
7178.68764 13.680 0.005
7178.80578 13.669 0.005
7178.93702 13.648 0.005
7179.56207 13.651 0.005
7179.60608 13.662 0.005
7179.64913 13.654 0.005
7179.69293 13.657 0.005
7179.74046 13.656 0.005
7179.78506 13.643 0.005
7179.83378 13.646 0.005
7179.87766 13.639 0.005
7179.92217 13.631 0.005
7180.57288 13.633 0.005
7180.61579 13.632 0.005
7180.65876 13.632 0.005
7180.70280 13.625 0.005
7180.75032 13.624 0.005
7180.80153 13.632 0.005
7180.84847 13.621 0.005
7180.89362 13.620 0.005
7180.93537 13.614 0.005
7181.58250 13.589 0.005
7181.62566 13.588 0.005
7181.69436 13.584 0.005
7181.74168 13.591 0.005
7181.78706 13.592 0.005
7181.83167 13.594 0.005
7181.87922 13.587 0.005
7181.92352 13.582 0.005
7182.57098 13.569 0.005
7182.61430 13.568 0.005
7182.65783 13.567 0.005
7182.72148 13.565 0.005
7182.77757 13.578 0.005
7182.82106 13.569 0.005
7182.86803 13.574 0.005
7182.91305 13.565 0.005
7183.54783 13.550 0.005
7183.59672 13.563 0.005
7183.64044 13.574 0.005
7183.69365 13.569 0.005
7183.75204 13.560 0.005
7183.79533 13.563 0.005
7183.84291 13.568 0.005
7183.88773 13.568 0.005
7183.93034 13.545 0.005
7184.60380 13.552 0.005
7184.64698 13.547 0.005
7184.69084 13.559 0.005
7184.75781 13.558 0.005
7184.80163 13.559 0.005
7184.84854 13.547 0.005
7184.89292 13.538 0.005
7184.93446 13.525 0.005
7185.58268 13.539 0.005
7185.62558 13.543 0.005
7185.67840 13.534 0.005
7185.73565 13.538 0.005
7185.77982 13.537 0.005
7185.82276 13.537 0.005
7185.86889 13.533 0.005
7186.58707 13.525 0.005
7186.63077 13.567 0.005
7186.69890 13.544 0.005
7186.82936 13.526 0.005
7186.87287 13.527 0.005
7186.91595 13.523 0.005
7187.58098 13.531 0.005
7187.62498 13.557 0.005
7187.68764 13.539 0.005
7187.73465 13.546 0.005
7187.77929 13.537 0.005
7187.82836 13.536 0.005
7187.87145 13.538 0.005
7187.91331 13.528 0.005
7188.58025 13.540 0.005
7188.62366 13.540 0.005
7188.66665 13.531 0.005
7188.73767 13.550 0.005
7188.78218 13.563 0.005
7188.82815 13.562 0.005
7189.55401 13.552 0.005
7189.59938 13.558 0.005
7189.66400 13.550 0.005
7189.71187 13.558 0.005
7189.75737 13.559 0.005
7189.80654 13.556 0.005
7189.85005 13.559 0.005
7189.89367 13.552 0.005
7190.53312 13.556 0.005
7190.61068 13.577 0.005
7190.65657 13.575 0.005
7190.69359 13.576 0.005
7190.72619 13.588 0.005
7190.77268 13.566 0.005
7190.82393 13.575 0.005
7190.86889 13.580 0.005
7190.88984 13.573 0.005
7190.90252 13.581 0.005
7190.91433 13.593 0.005
7191.60805 13.591 0.005
7191.65202 13.592 0.005
7191.79191 13.604 0.005
7191.83742 13.613 0.005
7192.82574 13.620 0.005
7192.85540 13.622 0.005
7193.58149 13.675 0.005
7193.61777 13.678 0.005
7193.66155 13.668 0.005
7193.70234 13.671 0.005
7193.74895 13.676 0.005
7193.80230 13.671 0.005
7193.85221 13.662 0.005
7193.88566 13.656 0.005
7194.53655 13.689 0.005
7194.58491 13.686 0.005
7194.62943 13.700 0.005
7194.69920 13.693 0.005
7194.74632 13.697 0.005
7194.79072 13.686 0.005
7195.53298 13.738 0.005
7195.56246 13.759 0.005
7195.59480 13.750 0.005
7196.85060 13.807 0.005
7196.86545 13.801 0.005
7197.52775 13.837 0.005
7197.57052 13.846 0.005
7197.61717 13.842 0.005
7197.66205 13.845 0.005
7197.71791 13.849 0.005
7197.77139 13.845 0.005
7197.81585 13.840 0.005
7197.86391 13.866 0.005
7198.53873 13.892 0.005
7198.58155 13.897 0.005
7198.62682 13.907 0.005
7198.68237 13.911 0.005
7198.73880 13.913 0.005
7198.78205 13.910 0.005
7198.82781 13.920 0.005
7198.87979 13.910 0.005
7199.52952 13.942 0.005
7199.57264 13.953 0.005
7199.61605 13.952 0.005
7199.66058 13.962 0.005
7199.72623 13.966 0.005
7199.76979 13.965 0.005
7199.81284 13.968 0.005
7199.85842 13.968 0.005
7200.49614 13.999 0.005
7200.54218 14.017 0.005
7200.59839 14.021 0.005
7200.64200 14.028 0.005
7200.68965 14.032 0.005
7200.73467 14.036 0.005
7200.78191 14.026 0.005
7200.82828 14.039 0.005
7200.88247 14.031 0.005
7202.58652 14.146 0.005
7202.60721 14.152 0.005
7202.69526 14.166 0.005
7202.74552 14.160 0.005
7202.78895 14.166 0.005
7202.85043 14.170 0.005
7202.89198 14.155 0.005
7206.55967 14.418 0.005
7206.60412 14.420 0.005
7206.65055 14.420 0.005
7206.70569 14.428 0.005
7206.74868 14.422 0.005
7206.79379 14.426 0.005
7206.83660 14.416 0.005
7207.52782 14.478 0.005
7207.57211 14.486 0.005
7207.61550 14.492 0.005
7207.66163 14.486 0.005
7207.70755 14.497 0.005
7207.75140 14.493 0.005
7207.79891 14.495 0.005
7207.81935 14.503 0.005
7207.86561 14.501 0.005
7208.49234 14.538 0.005
7209.62205 14.631 0.005
7209.65462 14.642 0.005
7209.69739 14.642 0.005
7209.74104 14.638 0.005
7209.78489 14.652 0.005
7209.82727 14.639 0.005
7210.81710 14.721 0.005
7210.83887 14.716 0.005
7210.85228 14.702 0.005
7211.47630 14.773 0.005
7211.51915 14.779 0.005
7211.56200 14.776 0.005
7211.60471 14.782 0.005
7211.66267 14.789 0.005
7211.71614 14.785 0.005
7211.75935 14.791 0.005
7211.80312 14.797 0.005
7211.84615 14.794 0.005
7212.59947 14.853 0.005
7212.80267 14.868 0.005
7214.52681 14.986 0.005
7214.57934 14.987 0.005
7214.62917 14.991 0.005
7214.68364 14.987 0.005
7214.74197 15.002 0.005
7214.82979 14.994 0.005
7217.56842 15.179 0.005
7217.62146 15.169 0.005
7217.75044 15.165 0.005
7217.79198 15.177 0.005
7219.49693 15.278 0.005
7219.56359 15.275 0.005
7219.60843 15.280 0.005
7219.67461 15.286 0.005
7219.71838 15.274 0.005
7220.47183 15.323 0.006
7220.48542 15.324 0.006
7220.52799 15.341 0.005
7220.57090 15.339 0.005
7220.62674 15.339 0.005
7220.68217 15.339 0.005
7220.72624 15.332 0.005
7220.77533 15.331 0.005
7220.81735 15.333 0.005
7221.49907 15.370 0.006
7221.54300 15.373 0.005
7221.58625 15.384 0.005
7221.65247 15.389 0.005
7221.69591 15.384 0.005
7221.73964 15.383 0.005
7221.78326 15.393 0.005
7221.82235 15.370 0.006
7222.50826 15.413 0.005
7222.55605 15.424 0.005
7222.60473 15.428 0.005
7222.69109 15.409 0.006
7222.73463 15.427 0.005
7222.79068 15.432 0.005
7223.50187 15.463 0.006
7223.54724 15.458 0.006
7223.59080 15.467 0.006
7223.65563 15.467 0.006
7223.69925 15.458 0.006
7223.74231 15.454 0.006
7224.46743 15.491 0.006
7224.51151 15.503 0.006
7224.55829 15.496 0.006
7224.60831 15.474 0.006
7224.67871 15.481 0.006
7224.73174 15.471 0.006
7224.77461 15.489 0.006
7225.48381 15.516 0.005
7225.52713 15.520 0.006
7225.57054 15.518 0.006
7226.47131 15.524 0.007
7226.51528 15.540 0.006
7226.55909 15.542 0.006
7226.61761 15.543 0.006
7226.67104 15.529 0.006
7226.71471 15.533 0.006
7226.75759 15.519 0.006
7226.80005 15.527 0.006
7227.49826 15.552 0.006
7227.54158 15.568 0.005
7227.59451 15.558 0.005
7227.64094 15.548 0.005
7227.69663 15.537 0.005
7227.73940 15.537 0.006
7227.78390 15.530 0.006
7228.48535 15.533 0.006
7228.52983 15.527 0.006
7228.57355 15.547 0.006
7228.64028 15.531 0.006
7228.69065 15.506 0.006
7228.73644 15.522 0.006
7228.79174 15.482 0.005
7229.49928 15.536 0.005
7229.54250 15.531 0.005
7229.58588 15.523 0.005
7229.63123 15.507 0.006
7229.67831 15.509 0.005
7229.72170 15.501 0.006
7229.76486 15.506 0.006
7233.57402 15.239 0.006
7233.59468 15.234 0.007
7233.67190 15.224 0.006
7233.72177 15.202 0.007
7234.64325 15.111 0.006
7235.51757 15.024 0.005
7235.64959 15.017 0.005
7235.69874 15.014 0.005
7235.74811 15.008 0.005
7236.47761 14.936 0.005
7236.52555 14.888 0.005
7236.57407 14.934 0.005
7236.61204 14.911 0.005
7248.48070 13.973 0.005
7249.47891 13.945 0.005
7249.53159 13.940 0.005
7249.58587 13.929 0.005
7249.62430 13.940 0.005
7249.66240 13.933 0.005
7249.70134 13.937 0.005
7250.55786 13.898 0.005
7250.61749 13.886 0.005
7250.67999 13.888 0.005
7252.53521 13.820 0.005
7252.60441 13.807 0.005
7252.67166 13.792 0.005
7252.71464 13.800 0.005
7253.50469 13.774 0.005
7253.57283 13.769 0.005
7253.61865 13.766 0.005
7253.66747 13.766 0.005
7255.49153 13.706 0.005
7255.55617 13.711 0.005
7255.60623 13.706 0.005
7255.64991 13.708 0.005
7256.51057 13.679 0.005
7256.57940 13.670 0.005
7256.62350 13.672 0.005
7256.66745 13.682 0.005
7257.58813 13.641 0.005
7257.65487 13.638 0.005
7257.69709 13.630 0.005
7258.47876 13.622 0.005
7258.50085 13.622 0.005
7258.59996 13.618 0.005
7258.65026 13.614 0.005
7258.68468 13.608 0.005
7261.53097 13.624 0.005
7261.57464 13.588 0.005
7261.61326 13.576 0.005
7261.65896 13.579 0.005
7263.49593 13.593 0.005
7263.54319 13.580 0.005
7263.58810 13.580 0.005
7263.63295 13.575 0.005
7263.67641 13.570 0.005
7264.50334 13.595 0.005
7264.54987 13.589 0.005
7264.59468 13.593 0.005
7264.64035 13.576 0.005
7264.70191 13.579 0.005
7265.52786 13.602 0.005
7265.57325 13.604 0.005
7265.61774 13.595 0.005
7265.68998 13.590 0.005
7266.55464 13.576 0.005
7267.47905 13.593 0.005
7267.53669 13.598 0.005
7267.59316 13.579 0.005
7267.63846 13.581 0.005
7268.48021 13.570 0.005
7268.53550 13.575 0.005
7268.60823 13.572 0.005
7268.65184 13.566 0.005
7268.69010 13.562 0.005
7269.51630 13.560 0.005
7269.56971 13.567 0.005
7269.63789 13.562 0.005
7269.68136 13.554 0.005
7270.49227 13.556 0.005
7270.53767 13.558 0.005
7270.59168 13.561 0.005
7270.65460 13.553 0.005
7270.69078 13.544 0.005
7271.53278 13.574 0.005
7271.57651 13.562 0.005
7272.47985 13.573 0.005
7272.52896 13.566 0.005
7272.57281 13.558 0.005
7273.54889 13.556 0.005
7273.59361 13.542 0.005
7273.64892 13.544 0.005
7273.68177 13.538 0.005
7275.53887 13.565 0.005
7275.59314 13.543 0.005
7275.63758 13.552 0.005
7275.67724 13.572 0.005
7277.49883 13.568 0.005
7277.54309 13.569 0.005
7277.60860 13.580 0.005
7277.65413 13.571 0.005
7278.48198 13.601 0.005
7278.52629 13.610 0.005
7278.59802 13.582 0.005
7278.64095 13.585 0.005
7281.49231 13.673 0.005
7281.53914 13.657 0.005
7283.57496 13.712 0.005
7284.48187 13.713 0.005
7284.54849 13.716 0.005
7284.60898 13.714 0.005
7291.54473 14.102 0.005
7292.50383 14.139 0.005
7292.57565 14.142 0.005
7293.48652 14.192 0.005
7293.53312 14.186 0.005
7293.60239 14.198 0.005
7294.54480 14.264 0.005
7294.59554 14.251 0.005
7295.50463 14.337 0.005
7295.57791 14.331 0.005
7296.56969 14.464 0.005
7299.49422 14.608 0.005
7299.54355 14.627 0.005
7299.58468 14.616 0.005
7300.52319 14.688 0.005
7307.53559 15.106 0.005
7311.48683 15.291 0.006
7311.53331 15.278 0.005
7312.50872 15.321 0.006
7317.50934 15.414 0.006
7318.50847 15.417 0.006
7320.50868 15.396 0.007
7324.49399 15.249 0.007
7324.52704 15.220 0.006
7325.52544 15.163 0.005
7329.51705 14.816 0.005
7332.50086 14.540 0.005
7416.87761 15.574 0.008
7424.86801 14.834 0.005
7425.86352 14.756 0.005
7426.88843 14.705 0.005
7427.85677 14.614 0.005
7428.85249 14.572 0.005
7429.84937 14.528 0.005
7431.84908 14.477 0.005
7432.85138 14.463 0.005
7433.84953 14.445 0.005
7434.84167 14.435 0.005
7435.84744 14.407 0.005
7435.87610 14.404 0.005
7436.84132 14.392 0.005
7436.87147 14.391 0.005
7437.83570 14.360 0.005
7437.87714 14.371 0.005
7438.84122 14.340 0.005
7438.87228 14.348 0.005
7439.83765 14.324 0.005
7439.87495 14.328 0.005
7440.83313 14.285 0.005
7440.87236 14.294 0.005
7441.83251 14.259 0.005
7441.87437 14.269 0.005
7442.86860 14.218 0.005
7443.84718 14.176 0.005
7443.90019 14.164 0.005
7444.82473 14.101 0.005
7445.81598 14.024 0.005
7445.84841 14.024 0.005
7445.88810 14.024 0.005
7446.83276 13.958 0.005
7446.87270 13.974 0.005
7447.81121 13.912 0.005
7447.84453 13.916 0.005
7447.88231 13.917 0.005
7448.81686 13.859 0.005
7448.86487 13.870 0.005
7448.91014 13.871 0.005
7449.82163 13.834 0.005
7449.85342 13.836 0.005
7449.88894 13.835 0.005
7451.81425 13.789 0.005
7451.84525 13.802 0.005
7451.89016 13.795 0.005
7452.79759 13.770 0.005
7452.84276 13.774 0.005
7452.88956 13.773 0.005
7453.81013 13.757 0.005
7453.86420 13.757 0.005
7454.84494 13.747 0.005
7454.90034 13.740 0.005
7455.82882 13.710 0.005
7455.87390 13.714 0.005
7456.79162 13.711 0.005
7456.83820 13.714 0.005
7456.89278 13.727 0.005
7457.79990 13.710 0.005
7457.84928 13.713 0.005
7457.90400 13.708 0.005
7458.81359 13.703 0.005
7458.86821 13.703 0.005
7460.78177 13.710 0.005
7460.82761 13.711 0.005
7460.88338 13.733 0.005
7461.79519 13.737 0.005
7461.83992 13.756 0.005
7461.90355 13.764 0.005
7462.79729 13.754 0.005
7462.84303 13.754 0.005
7462.90233 13.773 0.005
7463.83941 13.778 0.005
7463.90198 13.781 0.005
7464.85434 13.802 0.005
7465.79596 13.814 0.005
7465.84968 13.812 0.005
7465.89467 13.828 0.005
7466.87103 13.850 0.005
7466.91733 13.855 0.005
7467.83040 13.876 0.005
7467.87595 13.886 0.005
7470.75510 14.001 0.005
7470.80199 13.991 0.005
7470.84662 14.006 0.005
7470.90085 14.006 0.005
7471.76823 14.047 0.005
7471.81224 14.045 0.005
7471.86965 14.052 0.005
7471.91312 14.055 0.005
7472.77789 14.091 0.005
7472.82259 14.095 0.005
7472.87772 14.109 0.005
7473.75066 14.138 0.005
7473.86042 14.139 0.005
7474.76950 14.183 0.005
7474.80875 14.196 0.005
7474.84671 14.199 0.005
7474.88502 14.208 0.005
7475.74844 14.251 0.005
7475.78906 14.252 0.005
7475.82758 14.266 0.005
7475.90419 14.263 0.005
7476.76008 14.317 0.005
7476.83918 14.326 0.005
7479.80969 14.570 0.005
7479.82424 14.579 0.005
7479.83815 14.579 0.005
7480.77457 14.668 0.005
7480.80428 14.658 0.005
7480.82941 14.679 0.005
7480.84892 14.671 0.005
7480.86701 14.677 0.005
7480.88494 14.667 0.005
7480.90022 14.672 0.005
7480.91506 14.675 0.005
7484.72178 15.000 0.005
7484.73747 14.991 0.005
7484.75141 15.002 0.005
7484.76532 15.004 0.005
7484.77928 15.013 0.005
7484.79883 15.015 0.005
7484.81283 15.004 0.005
7484.82682 15.015 0.005
7484.84084 15.008 0.005
7484.85492 15.012 0.005
7484.87902 15.010 0.005
7484.89329 15.005 0.005
7484.90942 15.021 0.005
7484.92359 15.015 0.005
7485.72161 15.081 0.005
7485.74337 15.084 0.005
7485.75734 15.097 0.005
7485.77138 15.084 0.005
7485.78540 15.079 0.005
7485.79931 15.074 0.005
7485.81330 15.084 0.005
7485.83392 15.098 0.005
7485.84803 15.093 0.005
7485.86229 15.093 0.005
7485.87697 15.096 0.005
7485.89210 15.097 0.005
7485.90639 15.101 0.005
7485.92087 15.105 0.005
7486.71567 15.166 0.005
7486.73584 15.161 0.006
7486.74978 15.166 0.005
7486.76374 15.162 0.005
7486.77783 15.156 0.005
7486.79173 15.164 0.005
7486.80569 15.170 0.006
7486.82007 15.155 0.005
7486.83408 15.170 0.005
7486.84833 15.168 0.005
7486.87261 15.169 0.005
7486.88692 15.170 0.005
7486.90323 15.183 0.005
7486.91784 15.186 0.005
7487.71257 15.237 0.005
7487.72674 15.236 0.005
7487.74080 15.239 0.005
7487.75747 15.245 0.005
7487.77151 15.241 0.005
7487.78767 15.237 0.005
7487.80295 15.236 0.005
7487.81698 15.252 0.005
7487.84327 15.238 0.005
7487.85752 15.238 0.005
7487.87171 15.239 0.005
7487.88616 15.246 0.005
7487.90173 15.257 0.005
7487.91576 15.255 0.005
7488.71216 15.307 0.005
7488.72618 15.308 0.005
7488.74081 15.321 0.005
7488.75490 15.320 0.005
7488.76931 15.320 0.005
7488.78389 15.318 0.005
7488.81055 15.329 0.005
7488.83411 15.334 0.005
7488.84849 15.324 0.005
7488.86362 15.328 0.005
7488.87840 15.338 0.005
7488.89376 15.331 0.005
7488.90831 15.335 0.005
7488.92238 15.333 0.005
7489.76164 15.374 0.005
7489.79052 15.387 0.005
7489.81137 15.385 0.005
7489.83061 15.396 0.005
7489.86002 15.389 0.005
7489.90307 15.393 0.005
7489.91648 15.397 0.005
7489.93075 15.383 0.006
7491.69683 15.493 0.006
7491.71077 15.507 0.006
7491.72475 15.511 0.006
7491.73864 15.520 0.006
7491.75290 15.500 0.006
7491.76716 15.512 0.006
7491.78129 15.515 0.006
7491.79558 15.518 0.006
7491.81934 15.512 0.005
7491.83348 15.519 0.006
7491.85772 15.518 0.005
7491.87201 15.533 0.005
7491.88708 15.514 0.005
7491.90224 15.519 0.005
7491.91641 15.521 0.005
7491.93068 15.520 0.006
7492.70743 15.574 0.006
7492.72391 15.573 0.006
7492.74432 15.570 0.005
7492.76009 15.581 0.005
7492.78400 15.577 0.005
7492.79990 15.583 0.005
7492.82483 15.580 0.005
7492.84985 15.582 0.005
7492.87507 15.577 0.005
7492.89183 15.588 0.005
7492.90807 15.569 0.005
7492.92386 15.589 0.006
7493.71492 15.629 0.006
7493.73067 15.623 0.006
7493.74632 15.623 0.006
7493.76192 15.638 0.006
7493.79569 15.626 0.005
7493.81126 15.637 0.005
7493.83637 15.636 0.005
7493.85221 15.645 0.005
7493.87745 15.644 0.005
7493.89379 15.633 0.005
7493.90949 15.631 0.005
7493.92510 15.638 0.006
7494.71040 15.687 0.006
7494.72602 15.689 0.006
7494.74200 15.695 0.006
7494.76114 15.693 0.006
7494.79488 15.699 0.006
7494.81061 15.691 0.005
7494.83582 15.689 0.005
7494.85227 15.697 0.005
7494.87795 15.698 0.006
7494.89451 15.695 0.006
7494.91046 15.697 0.006
7494.92613 15.697 0.006
7495.69582 15.713 0.006
7495.71159 15.736 0.006
7495.72733 15.727 0.006
7495.74300 15.734 0.006
7495.76672 15.731 0.006
7495.79147 15.734 0.006
7495.80707 15.734 0.006
7495.83205 15.736 0.006
7495.85742 15.730 0.006
7495.87398 15.727 0.006
7495.89063 15.732 0.006
7495.90680 15.738 0.006
7495.93041 15.743 0.007
7497.85489 15.802 0.006
7497.87335 15.803 0.006
7497.89860 15.789 0.007
7497.91439 15.788 0.007
7497.92999 15.791 0.008
7498.70204 15.832 0.007
7498.72588 15.812 0.007
7498.74167 15.821 0.007
7498.75735 15.816 0.007
7498.78411 15.839 0.007
7498.83422 15.827 0.007
7498.85039 15.819 0.006
7498.86727 15.812 0.006
7498.88381 15.825 0.006
7498.91742 15.817 0.006
7499.67572 15.845 0.007
7499.69128 15.832 0.007
7499.70700 15.838 0.007
7499.73130 15.826 0.007
7499.74686 15.838 0.007
7499.76240 15.835 0.007
7499.77803 15.842 0.006
7499.80250 15.825 0.006
7499.81821 15.829 0.006
7499.83377 15.831 0.006
7499.84983 15.818 0.006
7499.87503 15.811 0.007
7499.89105 15.823 0.006
7499.90684 15.821 0.006
7499.92270 15.815 0.007
7500.67432 15.812 0.008
7500.69195 15.842 0.007
7500.71542 15.820 0.007
7500.73107 15.824 0.007
7500.74663 15.825 0.007
7500.76240 15.807 0.007
7500.78605 15.820 0.007
7500.80182 15.814 0.007
7500.81758 15.814 0.007
7500.83323 15.827 0.007
7500.85969 15.818 0.007
7500.87610 15.815 0.007
7500.89168 15.833 0.007
7500.90747 15.827 0.007
7500.93094 15.820 0.008
7507.74199 15.562 0.005
7507.75595 15.551 0.006
7507.76993 15.558 0.005
7507.78438 15.545 0.006
7507.79834 15.560 0.005
7507.81234 15.551 0.005
7507.82663 15.563 0.005
7507.84126 15.558 0.006
7507.86151 15.556 0.005
7507.87559 15.543 0.005
7507.88960 15.541 0.006
7507.90387 15.543 0.006
7507.92249 15.549 0.006
7507.93684 15.557 0.006
7508.65465 15.500 0.005
7508.66879 15.493 0.005
7508.68292 15.488 0.005
7508.69704 15.488 0.005
7508.71099 15.486 0.005
7508.72504 15.493 0.005
7508.73587 15.489 0.005
7508.74990 15.482 0.005
7508.76378 15.488 0.005
7508.77774 15.479 0.005
7508.79186 15.472 0.005
7508.80591 15.476 0.005
7508.82010 15.467 0.005
7508.83489 15.468 0.005
7508.85012 15.470 0.005
7508.86463 15.464 0.005
7508.87915 15.468 0.005
7508.89330 15.462 0.005
7508.90868 15.462 0.005
7508.92286 15.461 0.005
7508.93678 15.460 0.007
7509.72908 15.385 0.006
7509.74323 15.389 0.005
7509.75735 15.395 0.005
7509.77166 15.398 0.005
7509.78572 15.393 0.005
7509.80062 15.391 0.005
7509.81552 15.380 0.005
7509.83025 15.380 0.005
7509.84619 15.375 0.005
7509.86016 15.381 0.005
7509.87426 15.390 0.005
7509.88867 15.382 0.005
7509.90282 15.384 0.006
7509.91701 15.381 0.005
7509.93391 15.380 0.006
7511.63777 15.216 0.005
7511.68359 15.217 0.005
7511.69767 15.219 0.005
7511.71168 15.222 0.005
7511.72565 15.212 0.005
7511.73974 15.231 0.005
7511.75378 15.228 0.005
7511.76793 15.218 0.005
7511.79207 15.224 0.005
7511.80627 15.207 0.005
7511.83137 15.202 0.005
7511.84627 15.217 0.005
7511.86105 15.194 0.005
7511.87530 15.196 0.005
7511.88994 15.193 0.005
7511.90397 15.192 0.005
7511.91805 15.201 0.005
7511.93197 15.197 0.005
7512.69916 15.115 0.005
7512.71480 15.116 0.005
7512.72742 15.114 0.005
7512.73857 15.115 0.005
7512.74981 15.110 0.005
7512.76069 15.115 0.005
7512.77072 15.110 0.005
7512.77980 15.113 0.005
7512.79080 15.110 0.005
7512.81445 15.117 0.005
7512.82936 15.101 0.005
7512.85310 15.102 0.005
7512.86748 15.107 0.005
7512.88145 15.102 0.005
7512.89559 15.099 0.005
7512.90956 15.095 0.005
7512.92621 15.096 0.005
7513.74410 15.025 0.005
7516.62862 14.706 0.005
7516.64632 14.713 0.005
7516.66060 14.709 0.005
7516.68264 14.709 0.005
7516.70464 14.698 0.005
7516.72103 14.708 0.005
7516.76583 14.699 0.005
7516.78038 14.706 0.005
7517.76849 14.619 0.005
7518.73889 14.543 0.005
7518.82691 14.533 0.005
7519.80675 14.457 0.005
7519.86261 14.452 0.005
7522.70342 14.256 0.005
7522.79055 14.257 0.005
7522.81635 14.263 0.005
7522.83458 14.261 0.005
7522.84928 14.261 0.005
7522.86330 14.262 0.005
7522.87784 14.256 0.005
7522.89210 14.253 0.005
7522.90615 14.249 0.005
7522.92033 14.256 0.005
7522.93599 14.255 0.005
7523.84768 14.181 0.005
7523.86187 14.181 0.005
7523.87611 14.175 0.005
7523.89023 14.179 0.005
7523.90432 14.183 0.005
7523.91837 14.171 0.005
7523.93243 14.173 0.005
7526.60776 14.041 0.005
7526.62740 14.039 0.005
7526.64260 14.042 0.005
7526.65786 14.047 0.005
7526.67198 14.039 0.005
7526.68736 14.044 0.005
7526.70317 14.053 0.005
7526.71760 14.049 0.005
7526.73211 14.046 0.005
7526.74880 14.040 0.005
7526.78301 14.047 0.005
7526.79865 14.040 0.005
7526.81836 14.039 0.005
7526.84416 14.034 0.005
7526.85826 14.034 0.005
7526.87331 14.040 0.005
7526.88739 14.038 0.005
7526.90151 14.033 0.005
7526.91570 14.035 0.005
7526.92974 14.035 0.005
7527.91735 14.010 0.005
7527.92834 14.005 0.005
7528.76459 14.005 0.005
7528.84230 13.996 0.005
7528.85638 13.995 0.005
7528.88040 13.995 0.005
7528.89461 13.996 0.005
7528.90897 13.995 0.005
7528.92302 13.989 0.005
7528.93703 13.996 0.005
7529.74926 13.992 0.005
7529.76421 13.988 0.005
7529.77957 13.984 0.005
7529.79488 13.993 0.005
7529.80927 13.991 0.005
7529.83219 13.995 0.005
7529.88813 14.005 0.005
7530.63094 13.965 0.005
7530.64455 13.967 0.005
7530.66057 13.966 0.005
7530.67242 13.966 0.005
7530.68952 13.963 0.005
7530.71087 13.966 0.005
7530.73613 13.969 0.005
7530.75907 13.968 0.005
7530.77527 13.974 0.005
7530.79617 13.970 0.005
7530.81410 13.965 0.005
7530.83251 13.970 0.005
7530.85457 13.961 0.005
7530.87699 13.971 0.005
7530.89911 13.977 0.005
7530.91198 13.973 0.005
7530.94069 13.968 0.005
7534.65560 13.957 0.005
7534.66908 13.965 0.005
7534.68303 13.948 0.005
7534.69812 13.968 0.005
7534.71207 13.959 0.005
7534.72605 13.956 0.005
7534.74086 13.959 0.005
7534.75992 13.963 0.005
7534.78065 13.976 0.005
7534.79467 13.964 0.005
7534.80878 13.970 0.005
7534.82309 13.962 0.005
7534.83987 13.956 0.005
7534.85396 13.964 0.005
7534.86843 13.960 0.005
7534.88564 13.961 0.005
7534.90035 13.969 0.005
7534.91502 13.965 0.005
7534.93757 13.957 0.005
7534.94723 13.956 0.005
7536.56925 13.962 0.005
7536.59466 13.968 0.005
7536.60909 13.976 0.005
7536.62463 13.992 0.005
7536.64467 13.981 0.005
7536.65996 13.977 0.005
7536.67407 13.979 0.005
7536.69723 13.973 0.005
7536.71117 13.974 0.005
7536.73470 13.984 0.005
7536.74936 13.985 0.005
7536.76393 13.986 0.005
7536.77828 13.987 0.005
7536.79238 13.982 0.005
7536.80654 13.976 0.005
7536.82059 13.973 0.005
7536.83485 13.975 0.005
7536.84891 13.982 0.005
7536.86300 13.978 0.005
7536.87821 13.970 0.005
7536.89506 13.980 0.005
7536.91027 13.969 0.005
7545.58854 13.528 0.005
7545.62851 13.540 0.005
7545.63839 13.524 0.005
7545.65047 13.532 0.005
7545.66250 13.531 0.005
7545.67429 13.531 0.005
7545.69935 13.533 0.005
7545.73216 13.522 0.005
7545.74242 13.526 0.005
7545.75676 13.532 0.005
7545.75883 13.530 0.005
7545.76987 13.530 0.005
7545.79395 13.522 0.005
7545.81696 13.517 0.005
7545.83090 13.513 0.005
7545.84498 13.521 0.005
7545.85920 13.511 0.005
7545.87313 13.511 0.005
7545.88873 13.507 0.005
7545.90259 13.510 0.005
7545.91684 13.502 0.005
7545.93119 13.503 0.005
7546.59528 13.515 0.005
7546.60783 13.505 0.005
7546.62230 13.499 0.005
7546.63807 13.502 0.005
7546.65205 13.504 0.005
7546.66365 13.516 0.005
7546.67790 13.487 0.005
7546.69503 13.482 0.005
7546.70944 13.475 0.005
7546.72417 13.479 0.005
7546.74175 13.497 0.005
7546.75589 13.491 0.005
7546.76988 13.493 0.005
7546.78394 13.487 0.005
7546.79794 13.488 0.005
7546.81262 13.489 0.005
7546.82664 13.490 0.005
7546.84076 13.478 0.005
7546.85488 13.486 0.005
7546.86886 13.486 0.005
7546.88284 13.474 0.005
7546.89685 13.482 0.005
7546.91098 13.481 0.005
7546.92496 13.485 0.005
7546.93586 13.476 0.005
7547.53704 13.461 0.005
7547.55090 13.475 0.005
7547.56528 13.463 0.005
7547.57929 13.471 0.005
7547.59317 13.466 0.005
7547.60730 13.459 0.005
7547.62166 13.456 0.005
7547.63552 13.462 0.005
7547.65019 13.447 0.005
7547.66758 13.452 0.005
7547.68593 13.451 0.005
7547.70330 13.475 0.005
7547.71733 13.468 0.005
7547.73178 13.458 0.005
7547.74948 13.460 0.005
7547.76376 13.456 0.005
7547.77778 13.464 0.005
7547.79186 13.455 0.005
7547.80598 13.450 0.005
7547.82014 13.447 0.005
7547.83436 13.460 0.005
7547.84842 13.458 0.005
7547.86245 13.457 0.005
7547.87641 13.457 0.005
7547.89041 13.470 0.005
7547.90433 13.450 0.005
7547.92271 13.448 0.005
7547.93200 13.458 0.005
7548.53937 13.435 0.005
7548.58256 13.432 0.005
7548.59752 13.429 0.005
7548.61285 13.426 0.005
7548.63005 13.423 0.005
7548.64662 13.430 0.005
7548.66055 13.423 0.005
7548.67431 13.417 0.005
7548.69113 13.442 0.005
7548.70835 13.436 0.005
7548.72495 13.441 0.005
7548.73909 13.441 0.005
7548.75458 13.436 0.005
7548.76743 13.423 0.005
7548.78346 13.419 0.005
7548.79713 13.419 0.005
7548.81644 13.422 0.005
7548.83184 13.419 0.005
7548.84557 13.421 0.005
7548.86094 13.429 0.005
7548.87456 13.422 0.005
7548.88778 13.421 0.005
7548.90288 13.418 0.005
7548.91823 13.408 0.005
7549.56307 13.393 0.005
7549.58042 13.405 0.005
7549.59257 13.405 0.005
7549.60643 13.403 0.005
7549.61906 13.398 0.005
7549.63302 13.399 0.005
7549.64704 13.397 0.005
7549.66501 13.401 0.005
7549.67954 13.404 0.005
7549.69666 13.403 0.005
7549.71100 13.411 0.005
7549.72585 13.400 0.005
7549.74087 13.393 0.005
7549.75524 13.396 0.005
7549.76918 13.398 0.005
7549.78897 13.388 0.005
7549.80294 13.394 0.005
7549.81696 13.397 0.005
7549.83099 13.393 0.005
7549.84498 13.391 0.005
7549.85900 13.394 0.005
7549.87299 13.393 0.005
7549.88695 13.400 0.005
7549.90101 13.384 0.005
7549.91498 13.379 0.005
7549.92748 13.387 0.005
7550.55659 13.378 0.005
7550.57548 13.380 0.005
7550.58886 13.381 0.005
7550.60206 13.374 0.005
7550.61307 13.376 0.005
7550.62720 13.373 0.005
7550.64137 13.390 0.005
7550.65553 13.369 0.005
7550.66991 13.381 0.005
7550.68408 13.370 0.005
7550.70282 13.368 0.005
7550.71917 13.377 0.005
7550.73719 13.370 0.005
7550.75146 13.365 0.005
7550.76703 13.378 0.005
7550.78157 13.370 0.005
7550.79547 13.363 0.005
7550.80951 13.373 0.005
7550.82350 13.372 0.005
7550.83754 13.366 0.005
7550.85188 13.370 0.005
7550.86585 13.366 0.005
7550.87984 13.372 0.005
7550.89444 13.369 0.005
7550.90848 13.367 0.005
7550.92238 13.370 0.005
7551.59115 13.353 0.005
7551.61106 13.366 0.005
7552.74086 13.352 0.005
7553.85406 13.358 0.005
7554.53857 13.364 0.005
7554.58186 13.357 0.005
7554.60081 13.355 0.005
7554.61684 13.364 0.005
7554.63691 13.352 0.005
7554.65672 13.362 0.005
7554.68173 13.352 0.005
7554.70652 13.372 0.005
7554.74602 13.356 0.005
7554.78206 13.360 0.005
7554.81109 13.362 0.005
7554.90715 13.348 0.005
7555.53082 13.367 0.005
7555.54736 13.375 0.005
7555.56468 13.375 0.005
7555.58233 13.371 0.005
7555.59800 13.376 0.005
7555.61246 13.375 0.005
7555.62760 13.376 0.005
7555.64277 13.377 0.005
7555.65804 13.375 0.005
7555.67323 13.374 0.005
7555.68857 13.374 0.005
7555.70469 13.376 0.005
7555.72095 13.369 0.005
7555.73603 13.373 0.005
7555.75110 13.367 0.005
7555.76532 13.374 0.005
7555.77938 13.371 0.005
7555.79396 13.370 0.005
7555.80808 13.364 0.005
7555.82261 13.372 0.005
7555.83673 13.379 0.005
7555.86259 13.369 0.005
7555.88562 13.368 0.005
7555.89976 13.365 0.005
7555.91382 13.360 0.005
7557.53825 13.421 0.005
7557.55090 13.403 0.005
7557.56707 13.413 0.005
7557.58175 13.412 0.005
7557.59772 13.408 0.005
7557.61118 13.408 0.005
7557.62581 13.415 0.005
7557.64199 13.413 0.005
7557.66101 13.413 0.005
7557.67783 13.419 0.005
7557.68923 13.414 0.005
7557.70999 13.418 0.005
7557.72845 13.416 0.005
7557.74587 13.414 0.005
7557.76962 13.405 0.005
7557.79543 13.401 0.005
7557.82177 13.404 0.005
7557.83833 13.416 0.005
7557.85546 13.413 0.005
7557.87206 13.409 0.005
7557.88755 13.407 0.005
7557.90305 13.408 0.005
7561.51178 13.496 0.005
7561.52659 13.507 0.005
7561.54172 13.507 0.005
7561.56983 13.500 0.005
7561.58705 13.504 0.005
7561.60401 13.516 0.005
7561.61859 13.512 0.005
7561.63366 13.516 0.005
7561.64804 13.518 0.005
7561.66629 13.520 0.005
7561.68432 13.526 0.005
7561.69889 13.526 0.005
7561.71870 13.514 0.005
7561.73602 13.518 0.005
7561.75071 13.510 0.005
7561.76525 13.512 0.005
7561.77956 13.515 0.005
7561.79145 13.516 0.005
7561.80411 13.518 0.005
7561.81970 13.512 0.005
7561.83401 13.508 0.005
7561.85074 13.508 0.005
7562.51517 13.535 0.005
7562.52523 13.539 0.005
7562.53947 13.540 0.005
7562.55338 13.536 0.005
7562.56793 13.541 0.005
7562.58348 13.543 0.005
7562.60035 13.545 0.005
7562.61672 13.538 0.005
7562.63934 13.548 0.005
7562.65832 13.550 0.005
7566.52562 13.734 0.005
7566.54025 13.737 0.005
7566.55529 13.751 0.005
7566.56931 13.740 0.005
7566.59276 13.753 0.005
7566.60693 13.745 0.005
7566.63161 13.747 0.005
7566.64581 13.748 0.005
7566.66009 13.750 0.005
7566.67441 13.753 0.005
7566.68920 13.756 0.005
7566.70383 13.754 0.005
7566.71930 13.761 0.005
7566.73349 13.760 0.005
7566.74756 13.757 0.005
7566.76168 13.751 0.005
7566.77620 13.756 0.005
7566.79032 13.758 0.005
7566.80440 13.765 0.005
7566.81855 13.763 0.005
7566.83264 13.752 0.005
7566.84676 13.774 0.005
7566.86085 13.766 0.005
7566.87358 13.773 0.005
7567.49531 13.795 0.005
7567.51280 13.796 0.005
7567.52682 13.800 0.005
7567.54099 13.806 0.005
7567.55581 13.807 0.005
7567.56976 13.804 0.005
7567.58405 13.809 0.005
7567.60736 13.812 0.005
7567.62234 13.812 0.005
7567.64609 13.815 0.005
7567.66089 13.823 0.005
7567.67579 13.820 0.005
7567.69060 13.822 0.005
7567.70518 13.822 0.005
7567.71929 13.818 0.005
7567.73444 13.815 0.005
7567.74843 13.817 0.005
7567.76243 13.823 0.005
7567.77654 13.819 0.005
7567.79074 13.820 0.005
7567.80468 13.830 0.005
7567.81865 13.829 0.005
7567.83271 13.826 0.005
7567.84674 13.838 0.005
7567.86087 13.829 0.005
7567.87658 13.833 0.005
7568.49603 13.880 0.005
7568.56387 13.890 0.005
7568.57767 13.889 0.005
7568.59160 13.885 0.005
7568.60690 13.883 0.005
7568.62085 13.889 0.005
7568.63500 13.893 0.005
7568.66049 13.889 0.005
7568.67560 13.902 0.005
7568.70055 13.895 0.005
7568.71499 13.909 0.005
7568.72943 13.910 0.005
7568.74721 13.908 0.005
7568.76134 13.907 0.005
7568.77547 13.904 0.005
7568.78948 13.903 0.005
7568.80486 13.901 0.005
7568.84058 13.919 0.005
7568.85478 13.912 0.005
7569.50020 13.953 0.005
7569.53838 13.952 0.005
7569.55239 13.956 0.005
7569.56627 13.966 0.005
7569.58040 13.969 0.005
7569.59511 13.958 0.005
7569.60937 13.972 0.005
7569.63464 13.972 0.005
7569.64883 13.973 0.005
7569.67378 13.970 0.005
7569.68983 13.962 0.005
7569.70478 13.976 0.005
7569.72077 13.969 0.005
7569.73511 13.965 0.005
7569.74928 13.963 0.005
7569.76473 13.968 0.005
7569.77892 13.975 0.005
7569.79295 13.972 0.005
7569.80700 13.977 0.005
7569.82218 13.976 0.005
7570.64655 14.056 0.005
7570.69553 14.059 0.005
7570.73804 14.037 0.005
7570.78587 14.058 0.005
7570.84678 14.075 0.005
7573.60605 14.318 0.005
7573.65783 14.316 0.005
7573.71093 14.326 0.005
7575.54876 14.519 0.005
7575.61198 14.517 0.005
7575.66059 14.521 0.005
7575.70167 14.527 0.005
7575.73985 14.518 0.005
7575.77826 14.526 0.005
7575.81681 14.524 0.005
7575.85049 14.519 0.005
7576.50679 14.590 0.005
7576.57485 14.604 0.005
7576.63217 14.606 0.005
7576.67415 14.613 0.005
7576.71275 14.613 0.005
7576.75116 14.627 0.005
7576.78922 14.626 0.005
7576.82769 14.632 0.005
7577.54576 14.720 0.005
7577.59008 14.716 0.005
7579.62899 14.916 0.005
7579.69573 14.920 0.005
7579.73780 14.935 0.005
7581.70861 15.121 0.005
7581.77513 15.121 0.005
7581.81878 15.126 0.005
7582.65956 15.203 0.006
7582.73153 15.217 0.005
7583.75810 15.312 0.005
7584.50242 15.372 0.006
7584.54068 15.395 0.006
7584.57935 15.387 0.006
7584.61775 15.380 0.006
7584.65816 15.381 0.005
7584.69609 15.381 0.006
7584.73447 15.387 0.006
7584.78477 15.389 0.006
7584.82257 15.377 0.006
7589.50042 15.765 0.007
7589.54584 15.775 0.007
7589.58470 15.775 0.007
7589.62919 15.781 0.007
7589.67408 15.747 0.008
7589.71225 15.775 0.007
7589.75865 15.757 0.008
7589.79695 15.773 0.007
7590.47356 15.817 0.008
7590.51143 15.833 0.006
7590.54920 15.843 0.006
7590.58771 15.836 0.006
7590.63085 15.840 0.006
7590.67182 15.833 0.007
7590.70952 15.831 0.007
7590.76176 15.845 0.007
7591.50734 15.850 0.007
7591.55855 15.872 0.008
7593.48669 15.955 0.007
7593.53442 15.971 0.006
7593.58096 15.983 0.006
7593.62710 15.969 0.007
7593.66509 15.975 0.007
7593.70227 15.989 0.007
7593.74097 15.981 0.007
7593.77832 15.982 0.007
7593.80510 15.977 0.007
7595.57863 15.991 0.008
7596.47248 16.058 0.007
7596.51727 16.038 0.006
7596.57704 16.045 0.006
7597.59429 16.009 0.006
7599.51295 15.951 0.008
7599.59561 15.955 0.008
7599.63785 15.944 0.007
7599.71876 15.940 0.007
7599.76040 15.923 0.007
7599.79653 15.924 0.007
7600.52191 15.883 0.008
7600.58771 15.884 0.007
7600.67962 15.870 0.007
7600.78013 15.848 0.008
7601.74309 15.818 0.007
7601.77882 15.789 0.007
7602.49917 15.730 0.007
7602.54474 15.727 0.007
7602.58405 15.766 0.007
7602.64133 15.749 0.007
7602.67906 15.749 0.006
7602.71638 15.726 0.007
7602.75614 15.722 0.007
7603.47423 15.666 0.006
7603.51179 15.666 0.006
7603.55866 15.676 0.006
7603.60647 15.655 0.006
7603.64434 15.661 0.006
7603.68189 15.653 0.006
7603.72166 15.640 0.006
7603.75932 15.619 0.006
7604.48183 15.539 0.007
7604.52266 15.551 0.006
7604.56001 15.540 0.006
7604.60001 15.548 0.006
7604.63810 15.538 0.006
7604.67655 15.539 0.006
7604.71402 15.523 0.006
7604.75224 15.510 0.006
7605.48904 15.439 0.006
7605.53129 15.433 0.006
7605.58304 15.427 0.006
7605.63001 15.414 0.006
7605.66774 15.411 0.006
7605.70531 15.407 0.006
7605.74257 15.404 0.006
7605.77844 15.393 0.006
7606.69123 15.279 0.006
7606.74183 15.260 0.006
7607.50416 15.164 0.005
7607.56957 15.156 0.005
7607.61527 15.148 0.005
7607.65894 15.133 0.005
7607.70253 15.135 0.005
7607.74437 15.127 0.005
7608.49039 15.031 0.005
7608.54857 15.021 0.005
7608.62154 15.013 0.005
7608.66585 14.996 0.005
7608.71078 14.989 0.005
7608.75307 14.968 0.005
7609.49136 14.901 0.005
7609.53561 14.891 0.005
7609.60223 14.883 0.005
7609.64631 14.868 0.005
7609.69572 14.874 0.005
7609.73532 14.862 0.005
7609.76064 14.847 0.005
7610.50534 14.784 0.005
7610.55645 14.774 0.005
7610.62038 14.767 0.005
7610.66434 14.758 0.005
7610.70836 14.753 0.005
7611.52571 14.680 0.005
7611.63515 14.652 0.005
7611.68096 14.659 0.005
7612.48295 14.602 0.005
7612.63935 14.579 0.005
7612.67718 14.572 0.005
7612.71482 14.577 0.005
7616.48495 14.397 0.005
7616.53177 14.392 0.005
7616.57876 14.387 0.005
7616.62517 14.380 0.005
7616.67792 14.375 0.005
7616.73075 14.363 0.005
7617.52710 14.354 0.005
7617.57419 14.356 0.005
7617.61807 14.354 0.005
7617.66184 14.347 0.005
7617.70568 14.358 0.005
7618.47696 14.320 0.005
7618.52208 14.320 0.005
7618.56761 14.325 0.005
7618.61122 14.321 0.005
7618.65494 14.324 0.005
7618.69679 14.305 0.005
7618.73299 14.294 0.005
7619.55820 14.289 0.005
7621.49042 14.238 0.005
7621.55420 14.236 0.005
7621.60451 14.239 0.005
7621.65374 14.234 0.005
7621.70043 14.228 0.005
7622.51179 14.228 0.005
7622.56102 14.231 0.005
7622.61538 14.241 0.005
7622.66902 14.233 0.005
7622.71099 14.224 0.005
7623.49024 14.225 0.005
7623.53702 14.217 0.005
7623.60037 14.218 0.005
7623.64458 14.210 0.005
7623.68859 14.212 0.005
7624.47720 14.200 0.005
7624.52471 14.197 0.005
7624.58841 14.198 0.005
7624.63658 14.194 0.005
7624.68326 14.184 0.005
7625.51093 14.190 0.005
7625.58208 14.178 0.005
7625.62592 14.177 0.005
7625.68009 14.181 0.005
7626.51315 14.187 0.005
7626.56721 14.190 0.005
7626.63385 14.186 0.005
7626.67856 14.180 0.005
7630.53359 14.120 0.005
7630.57840 14.116 0.005
7630.62297 14.116 0.005
7630.66677 14.124 0.005
7631.52558 14.092 0.005
7631.57029 14.074 0.005
7631.61492 14.086 0.005
7631.65848 14.074 0.005
7632.52483 14.038 0.005
7632.56978 14.034 0.005
7632.61473 14.036 0.005
7632.65748 14.034 0.005
7633.58217 13.997 0.005
7633.62765 13.991 0.005
7634.51351 13.981 0.005
7634.55884 13.957 0.005
7635.48497 13.925 0.005
7635.54415 13.907 0.005
7635.59613 13.921 0.005
7636.51180 13.883 0.005
7636.56374 13.864 0.005
7636.60884 13.892 0.005
7636.65033 13.864 0.005
7637.52195 13.835 0.005
7637.56944 13.836 0.005
7637.61298 13.847 0.005
7638.48731 13.842 0.005
7638.53567 13.832 0.005
7638.60040 13.829 0.005
7639.50171 13.822 0.005
7639.55906 13.819 0.005
7639.60454 13.815 0.005
7643.50402 13.761 0.005
7643.60387 13.750 0.005
7644.50418 13.724 0.005
7644.54178 13.702 0.005
7644.59314 13.696 0.005
7645.49603 13.684 0.005
7647.48332 13.670 0.005
7647.53318 13.650 0.005
7647.57808 13.642 0.005
7648.49907 13.662 0.005
7648.54329 13.650 0.005
7648.58717 13.647 0.005
7649.48339 13.621 0.005
7649.53812 13.624 0.005
7649.58307 13.627 0.005
7650.47881 13.598 0.005
7650.55664 13.606 0.005
7650.60072 13.594 0.005
7651.55727 13.592 0.005
7651.60067 13.585 0.005
7652.54488 13.592 0.005
7652.59303 13.581 0.005
7653.55511 13.599 0.005
7653.59901 13.600 0.005
7655.48129 13.640 0.005
7655.57171 13.636 0.005
7656.52731 13.658 0.005
7656.58057 13.683 0.005
7657.57366 13.695 0.005
7659.48143 13.802 0.005
7660.48183 13.852 0.005
7660.55094 13.848 0.005
7661.48201 13.910 0.005
7661.56807 13.915 0.005
7662.52396 13.993 0.005
7662.56771 13.999 0.005
7664.53666 14.163 0.005
7665.48613 14.263 0.005
7666.54904 14.315 0.005
7667.55232 14.419 0.005
7671.52783 14.821 0.005
7672.53776 14.916 0.005
7675.53195 15.210 0.006
7679.52460 15.539 0.007
7682.51286 15.792 0.007
7686.50066 15.943 0.008
7689.50320 16.059 0.008
7690.49934 16.072 0.008
7690.50384 16.084 0.008
7691.50037 16.084 0.008
7790.87236 15.510 0.006
7790.88789 15.519 0.007
7791.86746 15.422 0.006
7792.86373 15.330 0.006
7793.86114 15.216 0.005
7794.86191 15.128 0.006
7795.87407 15.021 0.005
7796.86780 14.948 0.005
7797.87303 14.860 0.005
7798.87272 14.765 0.005
7799.86796 14.687 0.005
7800.86247 14.595 0.005
7801.84243 14.531 0.005
7801.88776 14.537 0.005
7802.88587 14.473 0.005
7803.86919 14.399 0.005
7807.83975 14.177 0.005
7807.88640 14.179 0.005
7808.88407 14.147 0.005
7809.83882 14.120 0.005
7809.88638 14.118 0.005
7810.83550 14.092 0.005
7810.88296 14.095 0.005
7811.85165 14.067 0.005
7811.89691 14.055 0.005
7812.86781 14.043 0.005
7813.81160 14.012 0.005
7814.82165 13.982 0.005
7814.86748 13.983 0.005
7815.83353 13.952 0.005
7815.88059 13.953 0.005
7816.82518 13.921 0.005
7816.87050 13.917 0.005
7817.82173 13.882 0.005
7817.86706 13.892 0.005
7818.80797 13.867 0.005
7818.85327 13.867 0.005
7818.89839 13.872 0.005
7819.83310 13.831 0.005
7819.88479 13.838 0.005
7820.84184 13.799 0.005
7820.88752 13.795 0.005
7821.82588 13.764 0.005
7821.87030 13.769 0.005
7822.80804 13.705 0.005
7822.85268 13.706 0.005
7822.89740 13.706 0.005
7823.83799 13.664 0.005
7823.88258 13.660 0.005
7824.83394 13.625 0.005
7824.87871 13.630 0.005
7825.82567 13.581 0.005
7825.87027 13.580 0.005
7826.78409 13.562 0.005
7826.82919 13.558 0.005
7826.87387 13.565 0.005
7827.80319 13.543 0.005
7827.84758 13.542 0.005
7827.89229 13.546 0.005
7828.81689 13.529 0.005
7828.86131 13.530 0.005
7828.90619 13.531 0.005
7829.84331 13.523 0.005
7830.85024 13.518 0.005
7830.89185 13.517 0.005
7834.78845 13.563 0.005
7834.83489 13.560 0.005
7834.88206 13.559 0.005
7835.75620 13.594 0.005
7835.83366 13.619 0.005
7835.88043 13.589 0.005
7836.76282 13.649 0.005
7836.81774 13.608 0.005
7836.86679 13.607 0.005
7836.91474 13.613 0.005
7837.78488 13.626 0.005
7837.83118 13.628 0.005
7837.87803 13.632 0.005
7838.75448 13.654 0.005
7838.80056 13.653 0.005
7838.85611 13.663 0.005
7838.90393 13.667 0.005
7839.77657 13.696 0.005
7839.83242 13.701 0.005
7839.88296 13.711 0.005
7840.74302 13.724 0.005
7840.79065 13.723 0.005
7840.84726 13.725 0.005
7840.89478 13.734 0.005
7841.77215 13.762 0.005
7841.81823 13.763 0.005
7841.86571 13.790 0.005
7841.91236 13.771 0.005
7842.76544 13.787 0.005
7842.81185 13.790 0.005
7842.85838 13.795 0.005
7842.90438 13.796 0.005
7843.73479 13.826 0.005
7843.78046 13.833 0.005
7843.83598 13.840 0.005
7843.88328 13.841 0.005
7844.73092 13.859 0.005
7844.77699 13.867 0.005
7844.83234 13.895 0.005
7844.87865 13.896 0.005
7845.72297 13.939 0.005
7845.77034 13.922 0.005
7845.82552 13.930 0.005
7845.87270 13.925 0.005
7845.91918 13.931 0.005
7846.77215 13.987 0.005
7846.81808 13.988 0.005
7846.86439 13.988 0.005
7846.91201 13.994 0.005
7847.75160 14.045 0.005
7847.79792 14.050 0.005
7847.85406 14.053 0.005
7847.90312 14.057 0.005
7848.73511 14.106 0.005
7848.78101 14.102 0.005
7848.82658 14.107 0.005
7848.88462 14.119 0.005
7849.71753 14.164 0.005
7849.76304 14.163 0.005
7849.80939 14.180 0.005
7849.86606 14.190 0.005
7849.91456 14.195 0.005
7850.74473 14.250 0.005
7850.79129 14.254 0.005
7850.83846 14.243 0.005
7850.89540 14.247 0.005
7851.73157 14.305 0.005
7851.77777 14.312 0.005
7851.82412 14.317 0.005
7851.88261 14.315 0.005
7852.74317 14.386 0.005
7852.85291 14.385 0.005
7852.90228 14.392 0.005
7853.86611 14.467 0.005
7853.89088 14.456 0.005
7853.92137 14.476 0.005
7854.73154 14.510 0.005
7854.77778 14.519 0.005
7854.83339 14.521 0.005
7854.88298 14.520 0.005
7855.73069 14.575 0.005
7855.77726 14.570 0.005
7855.82386 14.579 0.005
7855.88424 14.586 0.005
7856.70659 14.630 0.005
7856.75474 14.639 0.005
7856.80328 14.642 0.005
7856.85038 14.643 0.005
7856.91028 14.649 0.005
7857.80119 14.699 0.005
7857.85514 14.706 0.005
7857.89704 14.700 0.005
7858.77505 14.751 0.005
7858.81185 14.753 0.005
7858.84584 14.757 0.005
7858.88861 14.758 0.005
7862.68670 14.981 0.005
7862.73403 14.982 0.005
7862.78108 14.986 0.005
7862.82814 14.988 0.005
7862.87661 15.012 0.005
7863.75880 15.049 0.005
7863.81417 15.053 0.005
7863.89076 15.052 0.005
7864.71586 15.095 0.005
7864.78801 15.095 0.005
7864.84904 15.097 0.005
7864.90073 15.119 0.005
7865.69019 15.137 0.005
7865.73587 15.146 0.005
7865.78215 15.145 0.005
7866.70122 15.180 0.005
7866.74777 15.184 0.005
7866.80356 15.177 0.005
7866.86452 15.213 0.005
7866.91208 15.214 0.005
7867.72004 15.220 0.005
7867.76689 15.241 0.005
7867.83278 15.238 0.005
7867.88265 15.218 0.005
7867.92947 15.230 0.006
7868.79267 15.254 0.006
7868.86152 15.242 0.006
7868.92302 15.241 0.006
7869.71433 15.268 0.005
7869.76029 15.282 0.005
7869.81609 15.286 0.005
7869.87577 15.294 0.005
7869.92316 15.280 0.005
7870.74066 15.300 0.005
7870.79686 15.302 0.005
7870.85499 15.271 0.005
7870.90290 15.286 0.005
7871.72127 15.295 0.005
7871.76726 15.298 0.005
7871.83846 15.306 0.005
7871.89293 15.293 0.005
7872.66661 15.282 0.005
7872.73653 15.265 0.005
7872.79349 15.288 0.005
7872.85968 15.274 0.005
7872.91634 15.279 0.005
7873.68552 15.245 0.005
7873.73140 15.267 0.005
7873.77815 15.268 0.005
7873.83651 15.263 0.005
7873.89744 15.256 0.005
7874.66009 15.222 0.005
7874.70674 15.209 0.005
7874.76201 15.218 0.005
7874.82024 15.200 0.005
7874.86949 15.203 0.005
7874.91644 15.197 0.005
7875.80341 15.165 0.005
7875.87167 15.151 0.005
7875.90923 15.151 0.005
7876.65621 15.114 0.005
7876.70333 15.112 0.005
7876.75183 15.117 0.005
7876.81081 15.100 0.005
7876.87259 15.098 0.005
7876.92977 15.103 0.005
7877.68088 15.056 0.005
7877.73737 15.052 0.005
7877.79411 15.052 0.005
7877.84491 15.056 0.005
7877.89641 15.040 0.005
7878.71358 14.981 0.005
7878.77890 14.987 0.005
7878.82940 14.981 0.005
7878.88791 14.967 0.005
7878.93399 14.963 0.005
7879.69672 14.916 0.005
7879.74289 14.927 0.005
7879.78888 14.925 0.005
7879.88059 14.913 0.005
7880.69482 14.846 0.005
7880.74083 14.840 0.005
7880.78914 14.843 0.005
7880.84736 14.839 0.005
7880.91416 14.838 0.005
7881.78652 14.762 0.005
7881.83656 14.749 0.005
7881.88495 14.762 0.005
7882.69515 14.693 0.005
7882.74100 14.687 0.005
7882.79825 14.691 0.005
7882.85689 14.674 0.005
7882.91264 14.673 0.005
7883.86082 14.621 0.005
7889.92531 14.136 0.005
7890.70821 14.085 0.005
7890.77569 14.088 0.005
7890.85087 14.057 0.005
7890.89829 14.077 0.005
7893.65639 13.917 0.005
7893.70220 13.917 0.005
7893.75812 13.919 0.005
7893.81636 13.909 0.005
7893.86360 13.903 0.005
7893.91010 13.907 0.005
7894.59923 13.870 0.005
7894.64017 13.878 0.005
7894.68617 13.888 0.005
7894.75077 13.886 0.005
7894.79878 13.885 0.005
7894.84550 13.879 0.005
7894.89261 13.883 0.005
7894.93808 13.875 0.005
7895.63985 13.860 0.005
7895.78627 13.867 0.005
7897.65023 13.851 0.005
7897.69627 13.866 0.005
7897.74667 13.849 0.005
7900.90913 13.853 0.005
7900.92578 13.873 0.005
7901.61726 13.851 0.005
7901.66459 13.853 0.005
7901.73100 13.854 0.005
7901.80492 13.866 0.005
7902.57609 13.847 0.005
7902.62308 13.862 0.005
7902.67031 13.866 0.005
7902.72625 13.865 0.005
7902.78647 13.863 0.005
7902.83256 13.885 0.005
7902.93393 13.885 0.005
7903.72713 13.900 0.005
7903.79188 13.883 0.005
7903.84786 13.868 0.005
7903.89412 13.854 0.005
7904.59026 13.858 0.005
7904.63754 13.856 0.005
7904.68152 13.852 0.005
7904.73781 13.852 0.005
7904.79702 13.849 0.005
7904.84450 13.847 0.005
7904.89057 13.854 0.005
7904.93983 13.843 0.005
7905.60347 13.842 0.005
7905.65050 13.847 0.005
7905.70586 13.847 0.005
7905.76368 13.846 0.005
7905.81114 13.850 0.005
7905.85950 13.847 0.005
7905.92268 13.832 0.005
7906.56768 13.836 0.005
7906.61399 13.841 0.005
7906.66186 13.840 0.005
7906.71673 13.843 0.005
7906.77664 13.833 0.005
7906.82395 13.831 0.005
7906.87110 13.830 0.005
7906.91744 13.829 0.005
7907.60420 13.812 0.005
7907.66643 13.821 0.005
7907.71074 13.821 0.005
7907.75048 13.817 0.005
7907.82711 13.811 0.005
7908.58413 13.781 0.005
7908.62985 13.777 0.005
7908.67661 13.774 0.005
7908.73228 13.779 0.005
7908.79080 13.764 0.005
7908.83726 13.767 0.005
7908.88444 13.763 0.005
7908.92370 13.757 0.005
7909.56238 13.731 0.005
7909.60828 13.737 0.005
7909.65762 13.745 0.005
7909.71336 13.728 0.005
7909.76238 13.718 0.005
7909.80944 13.719 0.005
7909.84807 13.721 0.005
7909.89906 13.708 0.005
7909.93087 13.700 0.005
7910.55608 13.659 0.005
7910.61038 13.659 0.005
7910.65721 13.651 0.005
7910.71407 13.650 0.005
7910.77377 13.648 0.005
7910.81981 13.636 0.005
7910.87489 13.637 0.005
7910.92758 13.621 0.005
7911.58293 13.573 0.005
7911.62356 13.572 0.005
7911.67079 13.568 0.005
7911.71572 13.578 0.005
7911.82449 13.553 0.005
7916.55202 13.206 0.005
7916.59887 13.225 0.005
7916.63510 13.228 0.005
7916.67630 13.224 0.005
7916.71872 13.224 0.005
7916.76382 13.220 0.005
7916.80616 13.212 0.005
7916.84986 13.202 0.005
7917.55978 13.190 0.005
7917.60595 13.194 0.005
7917.65612 13.190 0.005
7917.70520 13.182 0.005
7917.75592 13.181 0.005
7917.80190 13.166 0.005
7917.84759 13.180 0.005
7917.89400 13.178 0.005
7918.57404 13.153 0.005
7918.65251 13.164 0.005
7922.61741 13.137 0.005
7922.67288 13.136 0.005
7922.73094 13.141 0.005
7923.54094 13.143 0.005
7923.58624 13.149 0.005
7923.63241 13.153 0.005
7923.70728 13.160 0.005
7923.75396 13.158 0.005
7923.80201 13.161 0.005
7923.84733 13.171 0.005
7923.89002 13.176 0.005
7924.51066 13.158 0.005
7924.55337 13.180 0.005
7924.59922 13.194 0.005
7924.64360 13.200 0.005
7924.70993 13.198 0.005
7924.75701 13.191 0.005
7924.80303 13.200 0.005
7924.84890 13.180 0.005
7925.57751 13.189 0.005
7925.62301 13.195 0.005
7925.66986 13.194 0.005
7925.74340 13.195 0.005
7925.79146 13.195 0.005
7925.84369 13.198 0.005
7926.55944 13.207 0.005
7926.61170 13.210 0.005
7926.67770 13.217 0.005
7926.74129 13.220 0.005
7926.79406 13.281 0.005
7926.84870 13.230 0.005
7928.60623 13.284 0.005
7928.65385 13.293 0.005
7929.80551 13.362 0.005
7932.60679 13.481 0.005
7932.66339 13.491 0.005
7932.71205 13.506 0.005
7932.77144 13.491 0.005
7932.81700 13.487 0.005
7933.59587 13.542 0.005
7933.64261 13.546 0.005
7933.69237 13.548 0.005
7933.75899 13.562 0.005
7933.80286 13.557 0.005
7933.82817 13.556 0.005
7933.84099 13.552 0.005
7934.50074 13.582 0.005
7934.54666 13.599 0.005
7934.59232 13.602 0.005
7934.64764 13.609 0.005
7934.74642 13.610 0.005
7934.79239 13.620 0.005
7934.83839 13.624 0.005
7934.86137 13.619 0.005
7935.53215 13.660 0.005
7935.58856 13.690 0.005
7935.64554 13.687 0.005
7935.69484 13.688 0.005
7935.74188 13.676 0.005
7935.78888 13.679 0.005
7935.85776 13.682 0.005
7936.48723 13.726 0.005
7936.53986 13.736 0.005
7936.58748 13.738 0.005
7936.63541 13.728 0.005
7936.70774 13.748 0.005
7936.76427 13.744 0.005
7936.81201 13.758 0.005
7936.86061 13.763 0.005
7937.48164 13.794 0.005
7937.52858 13.810 0.005
7937.57661 13.817 0.005
7937.62380 13.826 0.005
7937.67201 13.822 0.005
7937.73010 13.831 0.005
7937.78706 13.841 0.005
7937.83395 13.832 0.005
7938.55203 13.910 0.005
7938.60048 13.905 0.005
7938.65290 13.923 0.005
7944.49240 14.465 0.005
7944.53157 14.480 0.005
7944.57181 14.483 0.005
7944.61044 14.481 0.005
7944.65864 14.494 0.005
7944.70806 14.492 0.005
7944.75480 14.494 0.005
7944.79563 14.501 0.005
7944.82651 14.521 0.005
7945.47751 14.572 0.005
7945.51368 14.578 0.005
7945.56009 14.583 0.005
7945.60778 14.592 0.005
7945.65632 14.586 0.005
7945.70408 14.595 0.005
7945.75143 14.601 0.005
7945.79848 14.602 0.005
7945.84370 14.601 0.005
7946.49435 14.681 0.005
7946.55158 14.689 0.005
7946.59960 14.696 0.005
7946.66491 14.695 0.005
7946.71244 14.707 0.005
7946.76031 14.711 0.005
7946.80921 14.713 0.005
7947.51146 14.788 0.005
7947.55029 14.792 0.005
7947.59903 14.798 0.005
7947.64961 14.804 0.005
7947.74363 14.813 0.005
7947.79104 14.821 0.005
7948.46628 14.883 0.005
7948.50431 14.885 0.005
7948.56221 14.896 0.005
7948.61986 14.903 0.005
7948.67145 14.904 0.005
7948.74203 14.918 0.005
7948.78834 14.924 0.005
7948.83303 14.910 0.005
7949.57561 15.002 0.005
7949.63264 15.006 0.005
7949.68692 15.018 0.006
7949.73616 15.019 0.005
7952.68816 15.263 0.006
7952.73987 15.272 0.006
7952.79523 15.271 0.006
7953.47514 15.331 0.006
7953.52128 15.341 0.005
7953.59076 15.342 0.005
7953.64550 15.340 0.005
7953.69592 15.334 0.005
7953.74830 15.346 0.005
7953.79716 15.338 0.006
7954.48648 15.400 0.005
7954.53823 15.408 0.005
7954.60000 15.407 0.005
7954.66796 15.412 0.005
7954.72862 15.412 0.005
7954.78446 15.417 0.005
7955.74044 15.467 0.005
7955.78397 15.470 0.006
7956.48940 15.531 0.006
7956.54620 15.539 0.006
7956.60298 15.555 0.005
7956.66999 15.529 0.006
7956.71706 15.526 0.006
7956.76767 15.542 0.006
7957.54205 15.595 0.007
7957.67664 15.597 0.006
7957.72546 15.588 0.006
7958.57414 15.633 0.007
7958.61641 15.630 0.007
7958.64859 15.590 0.007
7958.69971 15.635 0.007
7958.75169 15.636 0.006
7958.79227 15.643 0.007
7959.49650 15.705 0.006
7959.54435 15.704 0.006
7959.59410 15.707 0.006
7959.64509 15.698 0.006
7959.69415 15.694 0.006
7959.74545 15.697 0.006
7959.78826 15.660 0.007
7960.48446 15.742 0.007
7960.53240 15.740 0.006
7960.59648 15.738 0.006
7960.65247 15.739 0.006
7960.70162 15.727 0.006
7960.75595 15.733 0.007
7960.79143 15.735 0.007
7961.53459 15.768 0.006
7961.59762 15.767 0.006
7961.63387 15.766 0.006
7961.67821 15.752 0.006
7961.74659 15.758 0.007
7962.49747 15.802 0.006
7962.54196 15.806 0.006
7962.65669 15.791 0.006
7963.58953 15.801 0.006
7964.53569 15.807 0.007
7964.57350 15.817 0.006
7964.62472 15.811 0.007
7964.67256 15.820 0.007
7964.75324 15.811 0.007
7965.63914 15.813 0.006
7965.67450 15.808 0.007
7965.70519 15.816 0.006
7966.53649 15.767 0.008
7966.56704 15.792 0.007
7966.61268 15.771 0.007
7966.66050 15.757 0.007
7966.70830 15.766 0.007
7967.65147 15.725 0.008
7967.71865 15.755 0.007
7971.48326 15.525 0.007
7971.52446 15.525 0.006
7971.56360 15.519 0.007
7971.60025 15.506 0.007
7971.63854 15.504 0.006
7971.67625 15.487 0.006
7971.71672 15.496 0.007
7972.48364 15.434 0.007
7972.57332 15.419 0.007
7972.61644 15.424 0.006
7972.66253 15.424 0.006
7972.70649 15.423 0.006
7972.74143 15.411 0.007
7973.53857 15.353 0.006
7973.59051 15.340 0.006
7973.64737 15.344 0.006
7973.70593 15.328 0.007
7974.49538 15.277 0.006
7974.54257 15.270 0.005
7974.59306 15.267 0.005
7974.64254 15.251 0.005
7974.69276 15.253 0.006
7974.73712 15.244 0.006
7975.62393 15.178 0.006
7979.47244 14.897 0.005
7979.53844 14.892 0.005
7979.59096 14.885 0.005
7979.64187 14.883 0.005
7980.48936 14.833 0.005
7980.55968 14.814 0.005
7980.60736 14.807 0.005
7980.65524 14.808 0.005
7981.49007 14.757 0.005
7981.58062 14.756 0.005
7981.62825 14.744 0.005
7981.67518 14.739 0.005
7982.51214 14.696 0.005
7982.56946 14.694 0.005
7982.61785 14.684 0.005
7982.66407 14.683 0.005
7983.52775 14.653 0.005
7983.57639 14.635 0.005
7983.62253 14.627 0.005
7983.67158 14.626 0.005
7984.52042 14.591 0.005
7984.57082 14.573 0.005
7984.61842 14.569 0.005
7984.66549 14.576 0.005
7985.53305 14.530 0.005
7985.58574 14.521 0.005
7985.63180 14.524 0.005
7986.53220 14.466 0.005
7986.59396 14.467 0.005
7986.64394 14.452 0.005
7987.48948 14.439 0.005
7987.55490 14.431 0.005
7987.60907 14.431 0.005
7987.65893 14.435 0.005
7990.50614 14.328 0.005
7990.57391 14.319 0.005
7990.62209 14.319 0.005
7991.47548 14.293 0.005
7991.52644 14.289 0.005
7991.58460 14.289 0.005
7991.64033 14.281 0.005
7992.49111 14.262 0.005
7992.54093 14.250 0.005
7992.59668 14.253 0.005
7992.64226 14.251 0.005
7993.50866 14.230 0.005
7993.55668 14.232 0.005
7993.60364 14.222 0.005
7993.65022 14.223 0.005
7994.52209 14.209 0.005
7994.56812 14.196 0.005
7994.61755 14.198 0.005
7998.47452 14.139 0.005
7998.51696 14.129 0.005
7998.55546 14.128 0.005
7998.59522 14.130 0.005
7998.63441 14.140 0.005
8000.50277 14.085 0.005
8000.54484 14.082 0.005
8000.58511 14.073 0.005
8000.62794 14.092 0.005
8001.50894 14.053 0.005
8001.55614 14.056 0.005
8001.60264 14.043 0.005
8002.51064 14.067 0.005
8002.55773 14.046 0.005
8003.48188 14.060 0.005
8003.58682 14.031 0.005
8004.49271 14.003 0.005
8004.55855 13.983 0.005
8004.60567 13.988 0.005
8005.56933 13.999 0.005
8007.55465 13.907 0.005
8007.60409 13.882 0.005
8008.55639 13.863 0.005
8010.49811 13.853 0.005
8010.56162 13.835 0.005
8011.53214 13.850 0.005
8012.47903 13.802 0.005
8012.53717 13.797 0.005
8012.58372 13.799 0.005
8013.52539 13.799 0.005
8013.57290 13.798 0.005
8014.51922 13.794 0.005
8014.56508 13.792 0.005
8015.49157 13.787 0.005
8015.54825 13.787 0.005
8016.49371 13.776 0.005
8016.54071 13.763 0.005
8017.49372 13.766 0.005
8017.54985 13.758 0.005
8018.50224 13.767 0.005
8018.56011 13.759 0.005
8019.52499 13.761 0.005
8020.48003 13.782 0.005
8020.54341 13.800 0.005
8021.50107 13.787 0.005
8026.50781 13.904 0.005
8026.54952 13.890 0.005
8029.48978 14.017 0.005
8029.55823 14.027 0.005
8030.51456 14.079 0.005
8032.54498 14.206 0.005
8035.52904 14.421 0.005
8036.52004 14.486 0.005
8039.49248 14.710 0.005
8039.54351 14.734 0.005
8040.52765 14.806 0.005
8041.48702 14.880 0.006
8046.52077 15.309 0.006
8048.51024 15.459 0.006
8049.49982 15.562 0.005
8053.51668 15.696 0.008
8054.49895 15.699 0.008
8056.49392 15.717 0.010
8151.87923 15.528 0.008
8152.87699 15.468 0.006
8153.87445 15.400 0.005
8155.87208 15.228 0.005
8156.86838 15.160 0.005
8161.84887 14.749 0.005
8162.84814 14.677 0.005
8162.88671 14.674 0.005
8163.88361 14.599 0.005
8164.87227 14.537 0.005
8165.85790 14.484 0.005
8166.83849 14.446 0.005
8166.87752 14.438 0.005
8167.85087 14.386 0.005
8167.88916 14.395 0.005
8168.85889 14.350 0.005
8168.89695 14.352 0.005
8169.85891 14.315 0.005
8169.89642 14.325 0.005
8170.85601 14.283 0.005
8170.89342 14.303 0.005
8171.85261 14.257 0.005
8171.89010 14.267 0.005
8172.85048 14.228 0.005
8172.88776 14.247 0.005
8173.84769 14.201 0.005
8173.88691 14.214 0.005
8174.83527 14.167 0.005
8174.87261 14.183 0.005
8175.82082 14.127 0.005
8175.85867 14.134 0.005
8175.89635 14.144 0.005
8176.83938 14.081 0.005
8176.87746 14.081 0.005
8181.81602 13.775 0.005
8181.85814 13.784 0.005
8181.89754 13.776 0.005
8182.86454 13.710 0.005
8182.91131 13.713 0.005
8183.83684 13.637 0.005
8183.88494 13.650 0.005
8184.84036 13.594 0.005
8184.87901 13.594 0.005
8185.82201 13.558 0.005
8185.86122 13.550 0.005
8185.90171 13.558 0.005
8189.81732 13.531 0.005
8189.86434 13.535 0.005
8189.91072 13.549 0.005
8190.80758 13.527 0.005
8190.86454 13.538 0.005
8190.91059 13.534 0.005
8191.82597 13.545 0.005
8191.88188 13.549 0.005
8192.78559 13.541 0.005
8192.83181 13.544 0.005
8192.88923 13.550 0.005
8193.80274 13.558 0.005
8193.85004 13.566 0.005
8193.89795 13.569 0.005
8194.79658 13.568 0.005
8194.84391 13.569 0.005
8194.89950 13.590 0.005
8195.78657 13.576 0.005
8195.83217 13.584 0.005
8195.89010 13.587 0.005
8196.78627 13.589 0.005
8196.83198 13.597 0.005
8196.88803 13.589 0.005
8197.76781 13.580 0.005
8197.81340 13.596 0.005
8197.85977 13.609 0.005
8197.91451 13.643 0.005
8198.78525 13.610 0.005
8198.83086 13.605 0.005
8198.88578 13.627 0.005
8199.75096 13.602 0.005
8199.79475 13.605 0.005
8199.84076 13.616 0.005
8200.76609 13.616 0.005
8200.81141 13.625 0.005
8200.85841 13.620 0.005
8200.91355 13.624 0.005
8201.77684 13.634 0.005
8201.82300 13.636 0.005
8201.87760 13.639 0.005
8202.74453 13.642 0.005
8202.79006 13.664 0.005
8202.83548 13.663 0.005
8202.89104 13.668 0.005
8203.75031 13.654 0.005
8203.79599 13.678 0.005
8203.84176 13.695 0.005
8203.89698 13.686 0.005
8204.75861 13.670 0.005
8204.80448 13.679 0.005
8204.84990 13.682 0.005
8204.90558 13.693 0.005
8205.75982 13.690 0.005
8205.80410 13.723 0.005
8205.86345 13.714 0.005
8205.92149 13.717 0.005
8206.77016 13.724 0.005
8206.81590 13.757 0.005
8206.86132 13.745 0.005
8206.91905 13.757 0.005
8207.76616 13.757 0.005
8207.81156 13.773 0.005
8207.85808 13.776 0.005
8207.91331 13.776 0.005
8208.76263 13.818 0.005
8208.80801 13.820 0.005
8208.85376 13.840 0.005
8208.91144 13.846 0.005
8209.75942 13.849 0.005
8209.80580 13.853 0.005
8209.85149 13.865 0.005
8209.89744 13.873 0.005
8210.73868 13.898 0.005
8210.78617 13.909 0.005
8211.75585 13.953 0.005
8211.80173 13.956 0.005
8211.84743 13.960 0.005
8211.89442 13.971 0.005
8212.77082 14.024 0.005
8212.80813 14.038 0.005
8212.85444 14.043 0.005
8212.90090 14.046 0.005
8217.78683 14.356 0.005
8217.83910 14.370 0.005
8217.89157 14.375 0.005
8220.74317 14.587 0.005
8220.77558 14.587 0.005
8220.82187 14.590 0.005
8220.89445 14.610 0.005
8221.70805 14.668 0.005
8221.72560 14.663 0.005
8221.81961 14.677 0.005
8221.87422 14.688 0.005
8221.92720 14.679 0.005
8222.73234 14.736 0.005
8222.78061 14.758 0.005
8222.85546 14.764 0.005
8222.90512 14.761 0.005
8223.80619 14.840 0.005
8223.86239 14.843 0.005
8223.91482 14.847 0.005
8224.72625 14.899 0.005
8224.77267 14.905 0.005
8224.84539 14.911 0.005
8224.89571 14.915 0.005
8225.81543 14.982 0.005
8226.81240 15.063 0.005
8226.86999 15.058 0.005
8226.91930 15.061 0.005
8227.72790 15.106 0.005
8227.78736 15.114 0.005
8227.85313 15.146 0.005
8227.90190 15.123 0.005
8228.74818 15.170 0.005
8228.79786 15.180 0.005
8228.86444 15.182 0.005
8228.92222 15.177 0.005
8229.72684 15.254 0.005
8229.79223 15.265 0.005
8229.84386 15.250 0.005
8229.89245 15.261 0.005
8230.69868 15.312 0.005
8230.74698 15.308 0.005
8230.79660 15.335 0.005
8230.86539 15.326 0.005
8230.91335 15.333 0.005
8232.82841 15.453 0.005
8232.90059 15.436 0.005
8233.72720 15.497 0.005
8233.82111 15.500 0.005
8235.73794 15.575 0.006
8236.68182 15.618 0.006
8236.73166 15.616 0.006
8236.80650 15.625 0.006
8238.71040 15.654 0.006
8238.75881 15.650 0.006
8238.81337 15.644 0.006
8238.86661 15.653 0.006
8244.66640 15.423 0.006
8244.71418 15.423 0.006
8244.76078 15.415 0.005
8244.81901 15.415 0.005
8244.86728 15.418 0.005
8245.73694 15.339 0.006
8245.78347 15.327 0.006
8245.83251 15.334 0.006
8245.87960 15.317 0.006
8246.67431 15.258 0.006
8246.72047 15.259 0.005
8246.77081 15.242 0.005
8246.82148 15.254 0.005
8246.87058 15.239 0.005
8246.92442 15.212 0.006
8247.64628 15.159 0.005
8247.69374 15.155 0.005
8247.73987 15.150 0.005
8247.78852 15.142 0.005
8247.85532 15.142 0.005
8247.90134 15.129 0.006
8248.71082 15.048 0.005
8248.76253 15.037 0.005
8249.66117 14.949 0.005
8249.70751 14.939 0.005
8249.75431 14.933 0.005
8249.80329 14.928 0.005
8249.86974 14.921 0.005
8249.91662 14.910 0.005
8250.66238 14.818 0.005
8250.71531 14.821 0.005
8250.76217 14.814 0.005
8250.82935 14.802 0.005
8250.87882 14.795 0.005
8250.92508 14.791 0.005
8251.65212 14.702 0.005
8251.69850 14.700 0.005
8251.74496 14.695 0.005
8251.86599 14.684 0.005
8251.91190 14.672 0.005
8252.87618 14.568 0.005
8252.92215 14.546 0.005
8253.64598 14.474 0.005
8253.69374 14.464 0.005
8253.74045 14.460 0.005
8253.80572 14.459 0.005
8253.86527 14.449 0.005
8254.66903 14.375 0.005
8254.71524 14.369 0.005
8254.78289 14.363 0.005
8254.84973 14.357 0.005
8254.90792 14.349 0.005
8255.62300 14.299 0.005
8255.68529 14.294 0.005
8255.74411 14.277 0.005
8255.82427 14.273 0.005
8255.87063 14.270 0.005
8255.91689 14.267 0.005
8256.63219 14.209 0.005
8256.68024 14.207 0.005
8256.72599 14.204 0.005
8256.78733 14.204 0.005
8256.83495 14.203 0.005
8256.89908 14.186 0.005
8257.61387 14.146 0.005
8257.69246 14.144 0.005
8257.74005 14.129 0.005
8257.79031 14.130 0.005
8257.83868 14.137 0.005
8257.89314 14.117 0.005
8258.66813 14.071 0.005
8258.73673 14.079 0.005
8258.79482 14.083 0.005
8258.84591 14.078 0.005
8258.91092 14.077 0.005
8259.63356 14.038 0.005
8259.71752 14.029 0.005
8259.77774 14.038 0.005
8259.83050 14.030 0.005
8259.88319 14.017 0.005
8260.59739 13.979 0.005
8260.66168 13.993 0.005
8260.83117 13.979 0.005
8260.92854 13.974 0.005
8261.66976 13.951 0.005
8261.72769 13.960 0.005
8261.77795 13.956 0.005
8261.86736 13.951 0.005
8261.91498 13.945 0.005
8262.62151 13.899 0.005
8262.67237 13.903 0.005
8262.72226 13.902 0.005
8262.77041 13.904 0.005
8262.84313 13.908 0.005
8262.89028 13.905 0.005
8262.92816 13.894 0.005
8263.66180 13.877 0.005
8263.71458 13.877 0.005
8263.77642 13.880 0.005
8263.82959 13.877 0.005
8263.88740 13.869 0.005
8264.69535 13.848 0.005
8264.74452 13.852 0.005
8264.79811 13.854 0.005
8264.84791 13.850 0.005
8264.89949 13.851 0.005
8265.60924 13.828 0.005
8265.65643 13.837 0.005
8265.70960 13.833 0.005
8265.76053 13.837 0.005
8265.81294 13.834 0.005
8265.89444 13.815 0.005
8266.67709 13.817 0.005
8266.72983 13.799 0.005
8266.79101 13.795 0.005
8271.59436 13.635 0.005
8271.63685 13.636 0.005
8271.68506 13.636 0.005
8271.79665 13.634 0.005
8271.82204 13.635 0.005
8271.85814 13.629 0.005
8272.64530 13.605 0.005
8272.70245 13.600 0.005
8272.75172 13.603 0.005
8272.80086 13.599 0.005
8272.85086 13.593 0.005
8272.90104 13.585 0.005
8272.94096 13.579 0.005
8273.61967 13.569 0.005
8273.66943 13.573 0.005
8273.73720 13.570 0.005
8273.79259 13.561 0.005
8273.84034 13.555 0.005
8273.87566 13.556 0.005
8273.91417 13.543 0.005
8274.60067 13.520 0.005
8274.64794 13.535 0.005
8274.69603 13.528 0.005
8274.75621 13.532 0.005
8274.80905 13.539 0.005
8274.85965 13.521 0.005
8274.90771 13.519 0.005
8275.59384 13.501 0.005
8275.65166 13.501 0.005
8275.71712 13.489 0.005
8275.76685 13.485 0.005
8275.82021 13.485 0.005
8275.87166 13.497 0.005
8275.91886 13.476 0.005
8276.60144 13.453 0.005
8276.64743 13.453 0.005
8276.69759 13.450 0.005
8276.75872 13.452 0.005
8276.80840 13.442 0.005
8276.85683 13.435 0.005
8277.59551 13.425 0.005
8277.65865 13.421 0.005
8277.71079 13.412 0.005
8277.76401 13.425 0.005
8277.81172 13.425 0.005
8277.86138 13.405 0.005
8277.91383 13.404 0.005
8278.54777 13.402 0.005
8278.59501 13.399 0.005
8278.64297 13.396 0.005
8278.74633 13.407 0.005
8282.53363 13.354 0.005
8282.58010 13.354 0.005
8282.62856 13.361 0.005
8282.68757 13.356 0.005
8282.75080 13.358 0.005
8282.81222 13.352 0.005
8282.86259 13.358 0.005
8282.90778 13.353 0.005
8283.54628 13.347 0.005
8283.59280 13.349 0.005
8283.63913 13.350 0.005
8283.70643 13.350 0.005
8283.75975 13.357 0.005
8283.80624 13.348 0.005
8283.85498 13.357 0.005
8283.90495 13.362 0.005
8284.54651 13.343 0.005
8284.59487 13.348 0.005
8284.64102 13.351 0.005
8284.70840 13.352 0.005
8284.75994 13.359 0.005
8284.80734 13.346 0.005
8284.85574 13.359 0.005
8284.90522 13.352 0.005
8285.74199 13.355 0.005
8285.78384 13.357 0.005
8286.54524 13.350 0.005
8286.59210 13.350 0.005
8286.64003 13.363 0.005
8286.71067 13.380 0.005
8286.77604 13.369 0.005
8286.83623 13.359 0.005
8286.88406 13.365 0.005
8287.52691 13.362 0.005
8287.57984 13.366 0.005
8287.63459 13.380 0.005
8287.70287 13.346 0.005
8287.75225 13.347 0.005
8287.81438 13.364 0.005
8287.87613 13.368 0.005
8287.90605 13.361 0.005
8288.55589 13.379 0.005
8288.61038 13.388 0.005
8288.66682 13.382 0.005
8288.72748 13.382 0.005
8288.78772 13.375 0.005
8288.84927 13.382 0.005
8288.89630 13.374 0.005
8289.55097 13.379 0.005
8289.59874 13.399 0.005
8289.66214 13.394 0.005
8289.73359 13.385 0.005
8289.79140 13.393 0.005
8289.83957 13.388 0.005
8289.88558 13.374 0.005
8290.54826 13.412 0.005
8290.59685 13.428 0.005
8290.66332 13.428 0.005
8290.72947 13.424 0.005
8290.78807 13.421 0.005
8290.83619 13.420 0.005
8290.88322 13.414 0.005
8291.59056 13.455 0.005
8291.64001 13.463 0.005
8291.71969 13.463 0.005
8291.76700 13.447 0.005
8291.82445 13.456 0.005
8291.88105 13.448 0.005
8292.55152 13.472 0.005
8292.59866 13.475 0.005
8292.64599 13.483 0.005
8292.71354 13.475 0.005
8292.77148 13.472 0.005
8292.84313 13.474 0.005
8292.88939 13.457 0.005
8293.54927 13.508 0.005
8293.60810 13.496 0.005
8293.67179 13.497 0.005
8293.73254 13.502 0.005
8293.78584 13.521 0.005
8294.59875 13.569 0.005
8294.64690 13.535 0.005
8294.71229 13.542 0.005
8294.78627 13.550 0.005
8294.83679 13.541 0.005
8299.51106 13.765 0.005
8299.66851 13.793 0.005
8301.60627 13.923 0.005
8301.64690 13.918 0.005
8301.70523 13.918 0.005
8301.75079 13.909 0.005
8301.80417 13.911 0.005
8302.58229 13.968 0.005
8302.69253 13.978 0.005
8303.63383 14.045 0.005
8304.55318 14.120 0.005
8304.59224 14.120 0.005
8304.64139 14.134 0.005
8304.69953 14.118 0.005
8304.75312 14.123 0.005
8305.52029 14.182 0.005
8305.55277 14.175 0.005
8305.56830 14.185 0.005
8305.65897 14.190 0.005
8305.69920 14.196 0.005
8305.76030 14.221 0.005
8305.81040 14.211 0.005
8306.58668 14.269 0.005
8306.66231 14.273 0.005
8306.71097 14.276 0.005
8306.75820 14.281 0.005
8306.79130 14.294 0.005
8306.83552 14.284 0.005
8307.49667 14.338 0.005
8307.54392 14.342 0.005
8307.60160 14.347 0.005
8307.66251 14.359 0.005
8307.71080 14.359 0.005
8307.75742 14.366 0.005
8307.81412 14.367 0.005
8308.46617 14.413 0.005
8308.51398 14.433 0.005
8308.56101 14.437 0.005
8308.60818 14.437 0.005
8308.66619 14.448 0.005
8308.72313 14.445 0.005
8308.77131 14.461 0.005
8308.81945 14.446 0.005
8309.48362 14.514 0.005
8309.53580 14.517 0.005
8309.59365 14.523 0.005
8309.65364 14.530 0.005
8309.70198 14.526 0.005
8309.74944 14.539 0.005
8309.79620 14.543 0.005
8309.83901 14.536 0.005
8310.50065 14.601 0.005
8310.54521 14.605 0.005
8310.57607 14.612 0.005
8310.61368 14.613 0.005
8310.65462 14.618 0.005
8310.68950 14.623 0.005
8310.72282 14.611 0.005
8310.77623 14.616 0.005
8310.82678 14.618 0.005
8311.49897 14.690 0.005
8311.54816 14.690 0.005
8311.59518 14.693 0.005
8311.65325 14.705 0.005
8311.71162 14.701 0.005
8311.75805 14.714 0.005
8311.80433 14.705 0.005
8312.46717 14.765 0.005
8312.51461 14.785 0.005
8312.56296 14.782 0.005
8312.61367 14.785 0.005
8312.67656 14.788 0.005
8312.74580 14.797 0.005
8312.79657 14.792 0.005
8313.47558 14.847 0.005
8313.51536 14.855 0.005
8313.56504 14.866 0.005
8313.61640 14.867 0.005
8313.67070 14.879 0.005
8313.71797 14.883 0.005
8313.76471 14.880 0.005
8313.81110 14.883 0.005
8314.48263 14.933 0.005
8314.53107 14.944 0.005
8314.57888 14.938 0.005
8314.63662 14.950 0.005
8314.69375 14.959 0.005
8314.74038 14.955 0.005
8314.78652 14.957 0.005
8316.47080 15.090 0.006
8316.51433 15.094 0.005
8316.56171 15.095 0.005
8316.61147 15.103 0.005
8316.66250 15.106 0.005
8316.72886 15.115 0.006
8320.46736 15.373 0.007
8320.51731 15.382 0.006
8320.56405 15.371 0.006
8320.63167 15.377 0.005
8320.68137 15.388 0.005
8320.72741 15.381 0.005
8320.77398 15.385 0.005
8321.50401 15.407 0.006
8321.55036 15.421 0.006
8321.77999 15.397 0.007
8328.49933 15.530 0.007
8328.54852 15.547 0.006
8328.59654 15.531 0.006
8328.64510 15.539 0.006
8328.69420 15.517 0.007
8328.74014 15.520 0.006
8329.46807 15.537 0.006
8329.52352 15.540 0.006
8329.57045 15.532 0.006
8329.61979 15.533 0.006
8329.66666 15.527 0.006
8329.71282 15.530 0.006
8329.75879 15.530 0.006
8330.49174 15.515 0.005
8330.53964 15.540 0.005
8330.59883 15.524 0.006
8331.48562 15.511 0.006
8331.54213 15.508 0.005
8331.60099 15.508 0.006
8331.64959 15.515 0.006
8331.69557 15.504 0.006
8332.50225 15.480 0.006
8332.55872 15.480 0.006
8332.61946 15.480 0.006
8332.66663 15.465 0.006
8332.75895 15.460 0.006
8333.50804 15.458 0.006
8333.56492 15.457 0.005
8333.62563 15.456 0.005
8333.67359 15.451 0.005
8334.51019 15.419 0.005
8334.56746 15.414 0.005
8334.62679 15.411 0.005
8334.67429 15.404 0.005
8335.53817 15.363 0.006
8335.59729 15.351 0.005
8335.70580 15.341 0.006
8336.48914 15.310 0.006
8336.55196 15.317 0.005
8336.61456 15.300 0.005
8336.66375 15.282 0.005
8338.47214 15.174 0.005
8338.52265 15.163 0.006
8338.57341 15.157 0.005
8338.63208 15.144 0.005
8338.74153 15.137 0.005
8339.50433 15.084 0.005
8339.56936 15.077 0.005
8339.62842 15.071 0.005
8339.74428 15.068 0.005
8340.51029 14.998 0.005
8340.61374 14.988 0.005
8340.67038 14.985 0.005
8341.49717 14.910 0.005
8341.54380 14.901 0.005
8341.60354 14.903 0.005
8341.72130 14.892 0.005
8342.49219 14.823 0.005
8342.57106 14.811 0.005
8342.62064 14.811 0.005
8343.51005 14.741 0.005
8344.47408 14.652 0.005
8344.52189 14.646 0.005
8344.58631 14.651 0.005
8344.63661 14.632 0.005
8344.73121 14.619 0.005
8345.52181 14.563 0.005
8345.57116 14.556 0.005
8345.63519 14.552 0.005
8345.72026 14.538 0.005
8346.51813 14.473 0.005
8346.58623 14.461 0.005
8346.64576 14.459 0.005
8347.47524 14.388 0.005
8347.52377 14.387 0.005
8347.58627 14.379 0.005
8347.68853 14.373 0.005
8348.47574 14.340 0.005
8348.55073 14.319 0.005
8348.61047 14.307 0.005
8349.50017 14.263 0.005
8349.56888 14.251 0.005
8349.61113 14.246 0.005
8353.49284 14.034 0.005
8353.54671 14.031 0.005
8353.59651 14.033 0.005
8353.65558 14.023 0.005
8355.50885 13.994 0.005
8355.56048 14.000 0.005
8355.65892 14.003 0.005
8356.47732 13.996 0.005
8356.53815 13.998 0.005
8356.65821 13.991 0.005
8356.70583 13.969 0.005
8357.52181 13.992 0.005
8357.65631 13.970 0.005
8358.48542 13.961 0.005
8358.53356 13.956 0.005
8358.62727 13.946 0.005
8358.68146 13.947 0.005
8359.49885 13.921 0.005
8359.54931 13.920 0.005
8359.64786 13.918 0.005
8359.69577 13.910 0.005
8360.54484 13.905 0.005
8360.59159 13.907 0.005
8360.64330 13.890 0.005
8361.47955 13.864 0.005
8363.49124 13.849 0.005
8363.55259 13.828 0.005
8363.64934 13.823 0.005
8364.48212 13.821 0.005
8364.55244 13.815 0.005
8364.59880 13.810 0.005
8364.67392 13.807 0.005
8366.51282 13.801 0.005
8366.58394 13.785 0.005
8367.48292 13.783 0.005
8367.53674 13.765 0.005
8367.64150 13.744 0.005
8368.47637 13.746 0.005
8368.54715 13.749 0.005
8368.63837 13.734 0.005
8369.47952 13.729 0.005
8369.54045 13.727 0.005
8369.62464 13.721 0.005
8370.48845 13.711 0.005
8370.60337 13.704 0.005
8370.65166 13.696 0.005
8371.49742 13.703 0.005
8371.56995 13.697 0.005
8371.65352 13.679 0.005
8372.51558 13.697 0.005
8372.61644 13.673 0.005
8373.47927 13.695 0.005
8373.53557 13.688 0.005
8375.48163 13.641 0.005
8375.55028 13.643 0.005
8375.59911 13.641 0.005
8376.51386 13.632 0.005
8376.57912 13.635 0.005
8376.62492 13.652 0.005
8377.50247 13.620 0.005
8381.48562 13.659 0.005
8381.53158 13.659 0.005
8382.48308 13.695 0.005
8382.53208 13.689 0.005
8382.58118 13.700 0.005
8383.49921 13.698 0.005
8383.54468 13.701 0.005
8383.59222 13.703 0.005
8384.48599 13.742 0.005
8384.54623 13.750 0.005
8384.59244 13.743 0.005
8384.62199 13.738 0.005
8385.51960 13.767 0.005
8385.56643 13.776 0.005
8385.61382 13.753 0.005
8386.49886 13.787 0.005
8387.49584 13.829 0.005
8390.51024 13.940 0.005
8392.50038 14.051 0.005
8392.57117 14.032 0.005
8393.48556 14.089 0.005
8393.53302 14.103 0.005
8393.57899 14.098 0.005
8394.48565 14.167 0.005
8394.55281 14.161 0.005
8394.59844 14.140 0.005
8394.60742 14.137 0.005
8397.52708 14.347 0.005
8398.50066 14.423 0.005
8398.57222 14.419 0.005
8399.51813 14.518 0.005
8401.53317 14.678 0.005
8401.57996 14.692 0.005
8404.56518 14.970 0.005
8409.54014 15.464 0.007
8410.53050 15.549 0.006
8411.53422 15.628 0.007
8412.52157 15.710 0.008
8413.52770 15.803 0.007
8414.52587 15.847 0.008
8415.49489 15.907 0.009
8415.53934 15.884 0.009
8418.49692 16.080 0.009
8419.49536 16.151 0.008
8423.51446 16.149 0.009
8425.50278 16.140 0.009
8521.87380 14.957 0.005
8522.86668 14.894 0.005
8523.87250 14.822 0.005
8524.88802 14.759 0.005
8526.86175 14.600 0.005
8529.85428 14.418 0.005
8530.88249 14.361 0.005
8532.85894 14.242 0.005
8533.86260 14.187 0.005
8534.85699 14.143 0.005
8535.84494 14.078 0.005
8535.88445 14.083 0.005
8536.86367 14.048 0.005
8537.86135 14.006 0.005
8538.88122 13.945 0.005
8539.86102 13.905 0.005
8540.84206 13.866 0.005
8540.88229 13.870 0.005
8544.83784 13.682 0.005
8544.87174 13.679 0.005
8546.84753 13.617 0.005
8546.88721 13.612 0.005
8547.84004 13.591 0.005
8547.89470 13.596 0.005
8548.84328 13.570 0.005
8548.88913 13.567 0.005
8549.83556 13.541 0.005
8549.87562 13.542 0.005
8550.83884 13.540 0.005
8550.88636 13.541 0.005
8551.83647 13.527 0.005
8551.88376 13.535 0.005
8552.85613 13.519 0.005
8552.89550 13.518 0.005
8553.82513 13.523 0.005
8553.87148 13.521 0.005
8554.79533 13.513 0.005
8554.83735 13.513 0.005
8554.88529 13.506 0.005
8555.79669 13.509 0.005
8555.83660 13.501 0.005
8555.89253 13.518 0.005
8556.79513 13.499 0.005
8556.84382 13.513 0.005
8556.88395 13.510 0.005
8557.79381 13.513 0.005
8557.83962 13.519 0.005
8557.89025 13.516 0.005
8558.79149 13.516 0.005
8558.83105 13.528 0.005
8558.87874 13.532 0.005
8559.77378 13.520 0.005
8559.81321 13.532 0.005
8559.86201 13.541 0.005
8559.90203 13.535 0.005
8560.79915 13.537 0.005
8560.84697 13.552 0.005
8560.88628 13.559 0.005
8561.77894 13.524 0.005
8561.82657 13.545 0.005
8561.86883 13.546 0.005
8562.76663 13.519 0.005
8562.81278 13.531 0.005
8562.86011 13.527 0.005
8562.90045 13.542 0.005
8563.79004 13.529 0.005
8563.83819 13.527 0.005
8563.87808 13.536 0.005
8564.76036 13.537 0.005
8564.81119 13.536 0.005
8564.85293 13.552 0.005
8564.90169 13.561 0.005
8565.78243 13.542 0.005
8565.84593 13.552 0.005
8565.89036 13.565 0.005
8566.77500 13.554 0.005
8566.83163 13.565 0.005
8566.87318 13.567 0.005
8567.83413 13.570 0.005
8567.87397 13.570 0.005
8572.85876 13.734 0.005
8573.88378 13.805 0.005
8574.82998 13.871 0.005
8574.87266 13.870 0.005
8574.92413 13.880 0.005
8575.76380 13.930 0.005
8575.80301 13.951 0.005
8575.84178 13.945 0.005
8575.88919 13.970 0.005
8576.75445 14.006 0.005
8576.80537 14.015 0.005
8576.85199 14.022 0.005
8576.89148 14.017 0.005
8577.71778 14.071 0.005
8577.80794 14.102 0.005
8577.85438 14.099 0.005
8577.91443 14.102 0.005
8578.74624 14.133 0.005
8578.78534 14.136 0.005
8578.82540 14.138 0.005
8578.89103 14.150 0.005
8579.71575 14.212 0.005
8579.75230 14.201 0.005
8579.79658 14.208 0.005
8579.83564 14.215 0.005
8579.88943 14.223 0.005
8580.71379 14.262 0.005
8580.75881 14.265 0.005
8580.80395 14.280 0.005
8580.84342 14.275 0.005
8580.90776 14.297 0.005
8581.72471 14.330 0.005
8581.77007 14.345 0.005
8581.83386 14.346 0.005
8581.89355 14.362 0.005
8582.71653 14.398 0.005
8582.75614 14.400 0.005
8582.81804 14.395 0.005
8582.87611 14.417 0.005
8583.70669 14.456 0.005
8583.73940 14.450 0.005
8583.78665 14.455 0.005
8583.84776 14.478 0.005
8583.91343 14.491 0.005
8584.73452 14.531 0.005
8584.79303 14.537 0.005
8584.84780 14.547 0.005
8585.70036 14.593 0.005
8585.74876 14.601 0.005
8585.79668 14.613 0.005
8585.84591 14.620 0.005
8585.92178 14.622 0.005
8586.71772 14.673 0.005
8586.76596 14.685 0.005
8586.82258 14.688 0.005
8586.89280 14.704 0.005
8587.69291 14.749 0.005
8587.74130 14.756 0.005
8587.78941 14.756 0.005
8587.84020 14.766 0.005
8588.69850 14.820 0.005
8588.72976 14.831 0.005
8588.78449 14.837 0.005
8588.85255 14.845 0.005
8588.91527 14.851 0.005
8589.70479 14.904 0.005
8589.75706 14.902 0.005
8589.80536 14.919 0.005
8589.87374 14.920 0.005
8590.68770 14.958 0.005
8590.72643 14.972 0.005
8590.77543 14.969 0.005
8590.84002 14.977 0.005
8590.90364 14.996 0.005
8591.71298 15.028 0.005
8591.76959 15.031 0.005
8591.82450 15.040 0.005
8591.88747 15.046 0.005
8592.80262 15.106 0.005
8592.85125 15.097 0.005
8592.88929 15.106 0.005
8593.73162 15.146 0.005
8593.79790 15.152 0.005
8593.89403 15.179 0.005
8594.67814 15.212 0.005
8594.71539 15.226 0.005
8594.77549 15.204 0.005
8594.82970 15.239 0.005
8594.87868 15.218 0.005
8595.68946 15.253 0.006
8595.72614 15.259 0.006
8595.81900 15.249 0.005
8595.89884 15.279 0.006
8595.93194 15.273 0.006
8599.70315 15.397 0.006
8599.74338 15.395 0.006
8599.78681 15.404 0.005
8599.82918 15.411 0.005
8599.89537 15.416 0.005
8599.93295 15.399 0.006
8600.68790 15.412 0.005
8600.73098 15.420 0.005
8600.79175 15.421 0.005
8600.85792 15.435 0.005
8600.90602 15.418 0.005
8601.66801 15.433 0.005
8601.71177 15.425 0.005
8601.76746 15.434 0.005
8601.84548 15.424 0.005
8601.92149 15.431 0.005
8602.68762 15.432 0.005
8602.73051 15.420 0.005
8602.78772 15.427 0.005
8602.86827 15.410 0.005
8602.91490 15.424 0.005
8603.67013 15.406 0.005
8603.71239 15.413 0.005
8603.76850 15.412 0.005
8603.83813 15.413 0.005
8603.88908 15.382 0.005
8603.93586 15.377 0.006
8604.74124 15.365 0.006
8604.79247 15.365 0.005
8604.85049 15.364 0.005
8604.90996 15.349 0.006
8605.66776 15.333 0.005
8605.71759 15.330 0.005
8605.76779 15.330 0.005
8605.84341 15.319 0.005
8605.90069 15.316 0.005
8606.66763 15.253 0.005
8606.70601 15.256 0.005
8606.75820 15.249 0.005
8606.82414 15.295 0.005
8606.87550 15.238 0.005
8606.93480 15.269 0.005
8607.68277 15.202 0.005
8607.72824 15.210 0.005
8607.78976 15.227 0.005
8607.83805 15.209 0.005
8607.88343 15.230 0.005
8607.93083 15.216 0.005
8608.67567 15.149 0.005
8608.78163 15.182 0.005
8608.84734 15.181 0.005
8608.89575 15.136 0.005
8609.66144 15.101 0.005
8612.75322 14.885 0.005
8612.80509 14.885 0.005
8612.86583 14.877 0.005
8612.91235 14.871 0.005
8613.64245 14.800 0.005
8613.68681 14.801 0.005
8613.73358 14.806 0.005
8613.79370 14.803 0.005
8613.85469 14.796 0.005
8613.90146 14.797 0.005
8614.63391 14.723 0.005
8614.67644 14.715 0.005
8614.72202 14.728 0.005
8614.78550 14.723 0.005
8614.84917 14.719 0.005
8614.89584 14.714 0.005
8614.94161 14.710 0.005
8615.70608 14.648 0.005
8615.75477 14.647 0.005
8615.81172 14.646 0.005
8615.87557 14.632 0.005
8615.93156 14.628 0.005
8616.66213 14.563 0.005
8616.71163 14.573 0.005
8616.76909 14.573 0.005
8616.82776 14.582 0.005
8616.87547 14.568 0.005
8616.93325 14.560 0.005
8617.66475 14.504 0.005
8617.70805 14.511 0.005
8617.75479 14.483 0.005
8617.81882 14.507 0.005
8617.90470 14.491 0.005
8618.62540 14.434 0.005
8618.67366 14.422 0.005
8618.72110 14.427 0.005
8618.77985 14.424 0.005
8618.84186 14.428 0.005
8618.88843 14.420 0.005
8619.62927 14.376 0.005
8619.66718 14.377 0.005
8619.71423 14.374 0.005
8619.76009 14.375 0.005
8619.84673 14.370 0.005
8619.91027 14.370 0.005
8620.63838 14.318 0.005
8620.67939 14.316 0.005
8620.72581 14.319 0.005
8620.79202 14.317 0.005
8620.86709 14.314 0.005
8620.91294 14.313 0.005
8621.68849 14.277 0.005
8621.78490 14.269 0.005
8621.83412 14.270 0.005
8621.88094 14.264 0.005
8621.92740 14.263 0.005
8626.62991 14.042 0.005
8626.66699 14.042 0.005
8626.70484 14.039 0.005
8626.74279 14.035 0.005
8626.79016 14.041 0.005
8626.83259 14.035 0.005
8626.86977 14.026 0.005
8626.90777 14.025 0.005
8627.60374 13.997 0.005
8627.65927 13.980 0.005
8627.70938 13.987 0.005
8627.76997 13.984 0.005
8635.65449 13.766 0.005
8635.69486 13.763 0.005
8635.75194 13.760 0.005
8635.81222 13.759 0.005
8635.85785 13.751 0.005
8635.90342 13.747 0.005
8636.56649 13.745 0.005
8636.60604 13.745 0.005
8636.65464 13.743 0.005
8636.70934 13.753 0.005
8636.76686 13.756 0.005
8636.81511 13.750 0.005
8636.86045 13.724 0.005
8636.90782 13.723 0.005
8637.57474 13.705 0.005
8637.61362 13.710 0.005
8637.65933 13.704 0.005
8637.71416 13.716 0.005
8637.77622 13.709 0.005
8637.82308 13.711 0.005
8637.86883 13.700 0.005
8637.91367 13.699 0.005
8638.64339 13.693 0.005
8638.69432 13.690 0.005
8638.80925 13.688 0.005
8638.85569 13.690 0.005
8638.90342 13.683 0.005
8639.66665 13.684 0.005
8639.71339 13.677 0.005
8639.83251 13.691 0.005
8640.56135 13.666 0.005
8640.60043 13.661 0.005
8640.64589 13.672 0.005
8640.70280 13.661 0.005
8640.76745 13.673 0.005
8640.81591 13.670 0.005
8640.86284 13.669 0.005
8640.90413 13.660 0.005
8641.60716 13.648 0.005
8641.66625 13.635 0.005
8642.56196 13.622 0.005
8642.70424 13.624 0.005
8642.81629 13.626 0.005
8642.86441 13.628 0.005
8642.90653 13.614 0.005
8643.57767 13.597 0.005
8643.63101 13.597 0.005
8643.68686 13.596 0.005
8643.74722 13.589 0.005
8643.79654 13.594 0.005
8643.84302 13.591 0.005
8643.88895 13.591 0.005
8644.55651 13.580 0.005
8644.59649 13.577 0.005
8644.65165 13.581 0.005
8644.70846 13.573 0.005
8644.76050 13.580 0.005
8644.80838 13.577 0.005
8644.85522 13.573 0.005
8644.90093 13.589 0.005
8645.64842 13.557 0.005
8646.57866 13.561 0.005
8646.61626 13.574 0.005
8646.66475 13.547 0.005
8646.71208 13.557 0.005
8646.76049 13.553 0.005
8646.80251 13.552 0.005
8646.84852 13.552 0.005
8647.58927 13.534 0.005
8647.62659 13.539 0.005
8647.67299 13.541 0.005
8647.72236 13.545 0.005
8647.77869 13.530 0.005
8647.82567 13.535 0.005
8647.86843 13.551 0.005
8648.61980 13.532 0.005
8648.66325 13.522 0.005
8648.71320 13.531 0.005
8648.76899 13.533 0.005
8648.81732 13.532 0.005
8648.86369 13.535 0.005
8648.90398 13.525 0.005
8649.61141 13.523 0.005
8649.67049 13.536 0.005
8654.52240 13.563 0.005
8655.54057 13.549 0.005
8655.69917 13.560 0.005
8655.76645 13.557 0.005
8655.85525 13.556 0.005
8656.63917 13.570 0.005
8656.69037 13.562 0.005
8656.74907 13.574 0.005
8656.81089 13.564 0.005
8656.85772 13.579 0.005
8657.53946 13.592 0.005
8657.60267 13.607 0.005
8657.64909 13.613 0.005
8657.69664 13.608 0.005
8657.75283 13.605 0.005
8657.80218 13.603 0.005
8657.84825 13.620 0.005
8657.88878 13.605 0.005
8658.56150 13.627 0.005
8660.50534 13.682 0.005
8660.54279 13.689 0.005
8660.58914 13.702 0.005
8660.65620 13.705 0.005
8660.70882 13.694 0.005
8660.76088 13.705 0.005
8660.81379 13.697 0.005
8660.86383 13.701 0.005
8661.53661 13.727 0.005
8661.60529 13.751 0.005
8661.66603 13.739 0.005
8662.55087 13.787 0.005
8662.59495 13.802 0.005
8662.64654 13.800 0.005
8662.76353 13.802 0.005
8662.82190 13.809 0.005
8664.56207 13.907 0.005
8664.60926 13.913 0.005
8664.65592 13.914 0.005
8664.70678 13.922 0.005
8664.75858 13.920 0.005
8664.81954 13.931 0.005
8665.58603 13.981 0.005
8666.50684 14.046 0.005
8666.54766 14.055 0.005
8666.59385 14.064 0.005
8666.64106 14.073 0.005
8666.69481 14.065 0.005
8666.75234 14.086 0.005
8666.82151 14.082 0.005
8667.53263 14.140 0.005
8667.57610 14.145 0.005
8667.62303 14.155 0.005
8667.67208 14.155 0.005
8667.72267 14.158 0.005
8667.77019 14.169 0.005
8667.81607 14.154 0.005
8668.48049 14.210 0.005
8668.55413 14.216 0.005
8668.60068 14.228 0.005
8668.67021 14.230 0.005
8668.72054 14.237 0.005
8668.76891 14.245 0.005
8668.81508 14.255 0.005
8668.85594 14.245 0.005
8669.50993 14.306 0.005
8669.55508 14.305 0.005
8669.60186 14.310 0.005
8669.67106 14.320 0.005
8669.72134 14.322 0.005
8669.76898 14.332 0.005
8669.81619 14.333 0.005
8669.85613 14.332 0.005
8670.51007 14.389 0.005
8670.55334 14.399 0.005
8670.59993 14.405 0.005
8670.66867 14.418 0.005
8670.71895 14.415 0.005
8670.76739 14.421 0.005
8670.81358 14.428 0.005
8672.67391 14.601 0.005
8673.59649 14.690 0.005
8673.66182 14.694 0.005
8673.71476 14.706 0.005
8673.75919 14.700 0.005
8673.83771 14.700 0.005
8674.57982 14.783 0.005
8674.62831 14.795 0.005
8674.67965 14.791 0.005
8674.73276 14.793 0.005
8674.77375 14.796 0.005
8674.82279 14.807 0.005
8675.59986 14.883 0.005
8675.63893 14.896 0.005
8675.67838 14.900 0.005
8675.71774 14.893 0.005
8675.75440 14.896 0.005
8675.80073 14.909 0.005
8675.84191 14.907 0.005
8676.46719 14.974 0.005
8676.50546 14.970 0.005
8676.54471 14.986 0.005
8676.59183 14.986 0.005
8676.64108 15.000 0.005
8676.68056 14.991 0.005
8676.71781 14.998 0.005
8676.75600 14.999 0.005
8676.79407 15.008 0.005
8676.83059 15.002 0.005
8677.59511 15.096 0.005
8677.62824 15.094 0.005
8677.78163 15.107 0.005
8681.47196 15.441 0.007
8681.51091 15.445 0.006
8681.54908 15.442 0.007
8681.58434 15.449 0.006
8681.62835 15.467 0.006
8681.66959 15.457 0.006
8681.73227 15.459 0.006
8681.78636 15.460 0.007
8682.46621 15.514 0.006
8682.50607 15.506 0.006
8682.54411 15.536 0.006
8682.58393 15.521 0.006
8682.64956 15.531 0.006
8682.70441 15.529 0.006
8682.75721 15.520 0.006
8682.79572 15.534 0.007
8683.46761 15.563 0.007
8683.50967 15.561 0.007
8683.55299 15.583 0.006
8683.59251 15.577 0.006
8683.64199 15.572 0.006
8683.68433 15.583 0.006
8683.72762 15.577 0.006
8683.76896 15.575 0.006
8683.80926 15.556 0.007
8684.47439 15.621 0.006
8684.51545 15.607 0.006
8684.55372 15.614 0.006
8684.59727 15.659 0.005
8684.64221 15.640 0.006
8684.70022 15.591 0.006
8684.74875 15.642 0.006
8684.79014 15.633 0.006
8685.47026 15.662 0.006
8685.52482 15.664 0.006
8685.60129 15.681 0.006
8685.68695 15.674 0.006
8688.52940 15.643 0.007
8688.57060 15.665 0.007
8688.62901 15.668 0.006
8688.66895 15.659 0.006
8688.75258 15.660 0.006
8689.47068 15.654 0.007
8689.51791 15.640 0.007
8689.55659 15.659 0.006
8689.60441 15.651 0.006
8689.66325 15.651 0.006
8689.71524 15.658 0.006
8689.76047 15.657 0.007
8689.79662 15.639 0.007
8690.46842 15.616 0.007
8690.50650 15.630 0.007
8690.55312 15.625 0.007
8690.60285 15.658 0.006
8690.65754 15.665 0.005
8690.70358 15.651 0.005
8690.74171 15.648 0.006
8690.78604 15.634 0.006
8691.46629 15.646 0.006
8691.50441 15.642 0.006
8691.54241 15.656 0.005
8691.58192 15.637 0.005
8691.62857 15.636 0.005
8691.67888 15.624 0.005
8691.73000 15.621 0.006
8691.76794 15.589 0.006
8692.46661 15.577 0.007
8692.50701 15.592 0.005
8692.55162 15.599 0.005
8692.66393 15.589 0.005
8692.70766 15.553 0.006
8692.75371 15.556 0.006
8693.46721 15.511 0.008
8693.50804 15.526 0.006
8693.54678 15.540 0.006
8693.64190 15.539 0.006
8693.68281 15.535 0.006
8693.74841 15.538 0.006
8694.47097 15.503 0.006
8694.51121 15.521 0.005
8694.54984 15.521 0.005
8694.59095 15.515 0.005
8694.62945 15.513 0.005
8694.66779 15.508 0.005
8694.75926 15.499 0.005
8695.47059 15.473 0.005
8695.50952 15.454 0.005
8695.54989 15.464 0.005
8695.59407 15.471 0.005
8695.65079 15.461 0.005
8695.69725 15.450 0.005
8695.74600 15.452 0.005
8697.53929 15.332 0.006
8697.58262 15.337 0.006
8697.65481 15.335 0.006
8697.71275 15.330 0.005
8698.47051 15.287 0.005
8698.50869 15.295 0.005
8698.54883 15.254 0.005
8698.60284 15.294 0.005
8698.64545 15.243 0.005
8698.68927 15.252 0.005
8698.73985 15.243 0.005
8699.47330 15.215 0.005
8699.51192 15.219 0.005
8699.56559 15.213 0.005
8699.61769 15.218 0.005
8699.66129 15.209 0.005
8699.69959 15.191 0.005
8699.74488 15.203 0.005
8700.47194 15.154 0.005
8700.51146 15.155 0.005
8700.57180 15.159 0.005
8700.61209 15.116 0.005
8700.66690 15.120 0.005
8700.71042 15.116 0.005
8700.74977 15.105 0.005
8701.47291 15.043 0.005
8701.51307 15.054 0.005
8701.57258 15.040 0.005
8701.62966 15.037 0.005
8701.66794 15.027 0.005
8701.71920 15.039 0.005
8701.75733 15.034 0.005
8702.47242 14.951 0.005
8702.51299 14.953 0.005
8702.58657 14.956 0.005
8702.62516 14.953 0.005
8702.67286 14.939 0.005
8702.72868 14.940 0.005
8703.47359 14.875 0.005
8703.51434 14.862 0.005
8703.57266 14.861 0.005
8704.52910 14.798 0.005
8704.57375 14.791 0.005
8704.62956 14.779 0.005
8704.69321 14.777 0.005
8708.57977 14.476 0.005
8708.60935 14.467 0.005
8708.70912 14.459 0.005
8709.53080 14.412 0.005
8710.47253 14.347 0.005
8710.51339 14.334 0.005
8711.47152 14.287 0.005
8711.51143 14.295 0.005
8711.53652 14.290 0.005
8711.58437 14.300 0.005
8711.62384 14.285 0.005
8711.66479 14.285 0.005
8711.70841 14.289 0.005
8712.48804 14.258 0.005
8712.52825 14.252 0.005
8712.58112 14.251 0.005
8712.60387 14.241 0.005
8712.64506 14.241 0.005
8713.47055 14.212 0.005
8713.51303 14.208 0.005
8713.55649 14.205 0.005
8713.59842 14.209 0.005
8713.63775 14.201 0.005
8713.67853 14.192 0.005
8713.71687 14.179 0.005
8714.47504 14.159 0.005
8714.51831 14.173 0.005
8714.56475 14.166 0.005
8714.60970 14.168 0.005
8715.49053 14.138 0.005
8715.53339 14.149 0.005
8715.58872 14.143 0.005
8715.63051 14.142 0.005
8715.67009 14.146 0.005
8715.71150 14.134 0.005
8716.47901 14.118 0.005
8716.52979 14.112 0.005
8716.58112 14.116 0.005
8716.62610 14.110 0.005
8716.67117 14.108 0.005
8716.71085 14.120 0.005
8717.47209 14.091 0.005
8717.51418 14.098 0.005
8717.55833 14.094 0.005
8717.59942 14.096 0.005
8717.64946 14.094 0.005
8717.69091 14.078 0.005
8718.47999 14.065 0.005
8718.54392 14.063 0.005
8718.58396 14.076 0.005
8718.62521 14.078 0.005
8718.69297 14.064 0.005
8719.47135 14.048 0.005
8719.51557 14.046 0.005
8719.55705 14.033 0.005
8719.60587 14.025 0.005
8719.63154 14.021 0.005
8719.67044 14.021 0.005
8721.48103 13.994 0.005
8721.52412 14.004 0.005
8721.57322 14.000 0.005
8721.62364 13.989 0.005
8721.66836 13.999 0.005
8722.47335 13.983 0.005
8722.52904 13.975 0.005
8722.57721 13.970 0.005
8722.62582 13.989 0.005
8722.67619 13.990 0.005
8722.71019 13.968 0.005
8723.47734 13.965 0.005
8723.52864 13.955 0.005
8723.58167 13.955 0.005
8723.62157 13.957 0.005
8723.66056 13.961 0.005
8723.69893 13.958 0.005
8724.47374 13.950 0.005
8724.52709 13.945 0.005
8724.57122 13.949 0.005
8724.62237 13.945 0.005
8724.66223 13.942 0.005
8725.47898 13.939 0.005
8725.53040 13.932 0.005
8725.57241 13.935 0.005
8725.61779 13.937 0.005
8725.65794 13.929 0.005
8726.47334 13.927 0.005
8726.51818 13.914 0.005
8726.56280 13.921 0.005
8726.61621 13.918 0.005
8726.65528 13.911 0.005
8727.50142 13.898 0.005
8727.55552 13.896 0.005
8727.59149 13.894 0.005
8727.63698 13.885 0.005
8727.68169 13.878 0.005
8728.48091 13.854 0.005
8728.52398 13.847 0.005
8728.57516 13.839 0.005
8728.61816 13.834 0.005
8728.65662 13.833 0.005
8729.47315 13.797 0.005
8729.51981 13.789 0.005
8729.56245 13.784 0.005
8729.60722 13.780 0.005
8729.65538 13.775 0.005
8730.47616 13.752 0.005
8730.52044 13.754 0.005
8730.56397 13.743 0.005
8730.60381 13.740 0.005
8730.64234 13.728 0.005
8730.67928 13.729 0.005
8731.50895 13.705 0.005
8731.57935 13.695 0.005
8731.62230 13.680 0.005
8736.58895 13.488 0.005
8736.63328 13.450 0.005
8737.60100 13.456 0.005
8737.64038 13.436 0.005
8738.48421 13.417 0.005
8738.53072 13.412 0.005
8738.57037 13.419 0.005
8738.60936 13.436 0.005
8738.65041 13.430 0.005
8739.48445 13.414 0.005
8739.52553 13.412 0.005
8739.62018 13.432 0.005
8740.47887 13.436 0.005
8740.52916 13.433 0.005
8740.56772 13.421 0.005
8740.60662 13.415 0.005
8741.47923 13.422 0.005
8741.52516 13.418 0.005
8741.56697 13.420 0.005
8741.62139 13.406 0.005
8742.47862 13.452 0.005
8742.52692 13.421 0.005
8742.56694 13.429 0.005
8742.62041 13.426 0.005
8745.59141 13.517 0.005
8745.60568 13.517 0.005
8746.53486 13.489 0.005
8746.54865 13.489 0.005
8746.56271 13.499 0.005
8746.61259 13.483 0.005
8746.62662 13.486 0.005
8747.47831 13.531 0.005
8747.49703 13.524 0.005
8747.52555 13.518 0.005
8747.56429 13.532 0.005
8747.57894 13.504 0.005
8748.48058 13.530 0.005
8748.49463 13.528 0.005
8748.56846 13.557 0.005
8748.60702 13.532 0.005
8748.62083 13.542 0.005
8750.53516 13.586 0.005
8750.54915 13.588 0.005
8750.56307 13.590 0.005
8750.60583 13.590 0.005
8750.61969 13.579 0.005
8752.48163 13.653 0.005
8752.55537 13.663 0.005
8752.56909 13.670 0.005
8752.60729 13.670 0.005
8753.49422 13.716 0.005
8753.53868 13.724 0.005
8753.58270 13.742 0.005
8753.61395 13.728 0.005
8754.48332 13.761 0.005
8754.52320 13.763 0.005
8754.56775 13.802 0.005
8754.60668 13.776 0.005
8755.48093 13.835 0.005
8755.52965 13.840 0.005
8755.57048 13.851 0.005
8755.60641 13.856 0.005
8757.48909 13.986 0.005
8757.53241 14.009 0.005
8757.55265 14.018 0.005
8757.59696 13.999 0.005
8759.51657 14.184 0.005
8759.54851 14.180 0.005
8759.56843 14.170 0.005
8763.50576 14.500 0.005
8763.51979 14.499 0.005
8763.53366 14.512 0.005
8763.58175 14.507 0.005
8764.52757 14.596 0.005
8764.57133 14.594 0.005
8764.58371 14.590 0.005
8766.48409 14.786 0.005
8766.53325 14.789 0.005
8766.56443 14.792 0.005
8768.48365 14.980 0.005
8768.53923 14.991 0.005
8768.55722 15.002 0.005
8769.48423 15.088 0.006
8773.49294 15.472 0.007
8773.54477 15.481 0.007
8774.49719 15.560 0.007
8774.57113 15.590 0.006
8775.50094 15.654 0.007
8776.53282 15.750 0.008
8781.49727 16.091 0.008
8781.54015 16.099 0.008
8782.52771 16.140 0.008
8783.49460 16.177 0.008
8783.53763 16.165 0.008
8784.51026 16.144 0.008
8784.52408 16.117 0.008
8785.50189 16.094 0.010
8786.50070 16.099 0.010
8787.50719 16.127 0.008
